"","Date","Province","negative","presumptive_negative","under_investigation","presumptive_positive","confirmed_positive","resolved","deceased","total_testing","Hospitalization","ICU","Ventilator","source","Note","calcTotal","bestTotal","cumConfirmations","newConfirmations","newTests"
"1",2020-02-14,"ON",NA,NA,NA,NA,NA,NA,NA,NA,NA,NA,NA,NA,NA,0,0,0,NA,NA
"2",2020-02-15,"ON",418,0,0,0,2,1,0,421,NA,NA,NA,"WBM",NA,420,421,2,2,421
"3",2020-02-16,"ON",NA,NA,NA,NA,NA,NA,NA,NA,NA,NA,NA,NA,NA,0,0,0,-2,-421
"4",2020-02-17,"ON",NA,NA,NA,NA,NA,NA,NA,NA,NA,NA,NA,NA,NA,0,0,0,0,0
"5",2020-02-18,"ON",418,0,0,0,2,1,0,421,NA,NA,NA,"WBM",NA,420,421,2,2,421
"6",2020-02-19,"ON",NA,NA,NA,NA,NA,NA,NA,NA,NA,NA,NA,NA,NA,0,0,0,-2,-421
"7",2020-02-20,"ON",436,0,17,0,2,1,0,456,NA,NA,NA,"WBM",NA,438,456,2,2,456
"8",2020-02-21,"ON",NA,NA,NA,NA,NA,NA,NA,NA,NA,NA,NA,NA,NA,0,0,0,-2,-456
"9",2020-02-22,"ON",NA,NA,NA,NA,NA,NA,NA,NA,NA,NA,NA,NA,NA,0,0,0,0,0
"10",2020-02-23,"ON",NA,NA,NA,NA,NA,NA,NA,NA,NA,NA,NA,NA,NA,0,0,0,0,0
"11",2020-02-24,"ON",540,NA,9,0,1,3,0,553,NA,NA,NA,"WBM",NA,541,553,1,1,553
"12",2020-02-25,"ON",NA,NA,NA,NA,NA,NA,NA,NA,NA,NA,NA,NA,NA,0,0,0,-1,-553
"13",2020-02-26,"ON",610,NA,14,1,1,3,0,629,NA,NA,NA,"WBM",NA,612,629,2,2,629
"14",2020-02-27,"ON",NA,NA,NA,NA,NA,NA,NA,NA,NA,NA,NA,NA,NA,0,0,0,-2,-629
"15",2020-02-28,"ON",610,NA,14,1,1,3,0,629,NA,NA,NA,"WBM",NA,612,629,2,2,629
"16",2020-02-29,"ON",NA,NA,NA,NA,NA,NA,NA,NA,NA,NA,NA,NA,NA,0,0,0,-2,-629
"17",2020-03-01,"ON",NA,NA,NA,NA,NA,NA,NA,NA,NA,NA,NA,NA,NA,0,0,0,0,0
"18",2020-03-02,"ON",NA,NA,NA,NA,NA,NA,NA,NA,NA,NA,NA,NA,NA,0,0,0,0,0
"19",2020-03-03,"ON",NA,NA,NA,NA,NA,NA,NA,NA,NA,NA,NA,NA,NA,0,0,0,0,0
"20",2020-03-04,"ON",1466,NA,78,NA,18,4,0,1566,NA,NA,NA,"WBM",NA,1484,1566,18,18,1566
"21",2020-03-05,"ON",1466,NA,78,NA,18,4,0,1566,NA,NA,NA,"WBM",NA,1484,1566,18,0,0
"22",2020-03-06,"ON",1665,NA,72,NA,22,4,0,1763,NA,NA,NA,"WBM",NA,1687,1763,22,4,197
"23",2020-03-07,"ON",NA,NA,NA,NA,NA,NA,NA,NA,NA,NA,NA,NA,NA,0,0,0,-22,-1763
"24",2020-03-08,"ON",1918,NA,36,NA,24,4,0,1982,NA,NA,NA,"WBM",NA,1942,1982,24,24,1982
"25",2020-03-09,"ON",2347,NA,22,NA,30,4,0,2403,NA,NA,NA,"WBM",NA,2377,2403,30,6,421
"26",2020-03-10,"ON",2347,NA,22,NA,31,4,0,2404,NA,NA,NA,"WBM",NA,2378,2404,31,1,1
"27",2020-03-11,"ON",2888,NA,465,NA,36,5,0,3394,NA,NA,NA,"WBM",NA,2924,3394,36,5,990
"28",2020-03-12,"ON",2888,NA,465,NA,37,5,0,3395,NA,NA,NA,"WBM",NA,2925,3395,37,1,1
"29",2020-03-13,"ON",5606,NA,939,NA,96,5,0,6646,NA,NA,NA,"WBM",NA,5702,6646,96,59,3251
"30",2020-03-14,"ON",5606,NA,939,NA,98,5,0,6648,NA,NA,NA,"https://www.ontario.ca/page/2019-novel-coronavirus",NA,5704,6648,98,2,2
"31",2020-03-15,"ON",7004,NA,1316,NA,140,5,0,8465,NA,NA,NA,"Input",NA,7144,8465,140,42,1817
"32",2020-03-16,"ON",8464,NA,1537,NA,172,5,0,10178,NA,NA,NA,"Input",NA,8636,10178,172,32,1713
"33",2020-03-17,"ON",9415,NA,1567,NA,183,5,1,11171,NA,NA,NA,"Input",NA,9598,11171,183,11,993
"34",2020-03-18,"ON",10305,NA,3378,NA,208,5,1,13897,NA,NA,NA,"Input",NA,10513,13897,208,25,2726
"35",2020-03-19,"ON",12421,NA,3971,NA,251,5,2,16650,22,NA,NA,"Input","hosp filled in https://globalnews.ca/news/6701449/ontario-coronavirus-covid19-cases-march-19/",12672,16650,251,43,2753
"36",2020-03-20,"ON",13718,NA,5475,NA,311,5,2,19511,23,NA,NA,"Input","hosp filled in from update on the 23rd, see 4:30 https://www.youtube.com/watch?v=T2o_hAeWnQM",14029,19511,311,60,2861
"37",2020-03-21,"ON",15768,NA,7239,NA,368,6,3,23384,NA,NA,NA,"Input",NA,16136,23384,368,57,3873
"38",2020-03-22,"ON",17634,NA,8361,NA,412,8,5,26420,NA,NA,NA,"Input",NA,18046,26420,412,44,3036
"39",2020-03-23,"ON",19586,NA,8417,NA,489,8,6,28506,39,12,NA,"Input","hosp/icu filled in with march 24th link",20075,28506,489,77,2086
"40",2020-03-24,"ON",21795,NA,10074,NA,572,8,8,32457,50,17,7,"Input","cum hosp/icu/vent: https://globalnews.ca/news/6723905/ontario-coronavirus-covid-19-cases-march-24/",22367,32457,572,83,3951
"41",2020-03-25,"ON",24458,NA,10489,NA,667,8,13,35635,40,17,15,"Input","hosp/icu/vent filled in, 4:30 in the video https://globalnews.ca/news/6729654/ontario-coronavirus-covid-19-cases-march-25/",25125,35635,667,95,3178
"42",2020-03-26,"ON",26727,NA,10965,NA,835,8,15,38550,50,29,20,"Input","hosp/icu/vent filled in, 2:10, https://www.youtube.com/watch?v=WQPlwQU5EAI ; she said 80, but it really looks like 50",27562,38550,835,168,2915
"43",2020-03-27,"ON",29967,NA,10074,NA,967,8,18,41032,60,43,32,"Input","hosp/icu/vent filled in, 3:15, https://www.youtube.com/watch?v=dAU5BX5MIaE",30934,41032,967,132,2482
"44",2020-03-28,"ON",33240,NA,8690,NA,1117,8,19,43072,NA,63,46,"Input","ICU/vent filled in 3:28, https://www.youtube.com/watch?v=vr35lAdgrZU",34357,43072,1117,150,2040
"45",2020-03-29,"ON",40630,NA,7203,NA,1324,8,23,49186,NA,NA,NA,"Input","2 deaths not lab confirmed",41954,49186,1324,207,6114
"46",2020-03-30,"ON",NA,NA,5651,NA,1706,431,23,48461,NA,100,61,"https://covid-19.ontario.ca/","Last update on 10:30, stop reporting negative test and total test decrease; Resolved case close after 14 days past symptom onset",1706,48461,1706,382,-725
"47",2020-03-31,"ON",NA,NA,4280,NA,1966,534,33,51629,291,125,82,"Input","filled in hosp/icu/vent 3:05, https://www.youtube.com/watch?v=DpeAtgXL558; new location with more detail data https://data.ontario.ca/dataset/status-of-covid-19-cases-in-ontario",1966,51629,1966,260,3168
"48",2020-04-01,"ON",NA,NA,3135,NA,2392,689,37,57874,332,145,98,"Input","filled in hosp/icu/vent, 4:30, https://www.youtube.com/watch?v=Hs5RdmLq1GM",2392,57874,2392,426,6245
"49",2020-04-02,"ON",NA,NA,2052,NA,2793,831,53,62733,405,167,112,"Input","filled in hosp/icu/vent, 3:25 in video, https://www.youtube.com/watch?v=gGf1X3YMBZg",2793,62733,2793,401,4859
"50",2020-04-03,"ON",NA,NA,1245,NA,3255,1023,67,66753,462,194,140,"Input","140 in ICU on a ventilator",3255,66753,3255,462,4020
"51",2020-04-04,"ON",NA,NA,1336,NA,3630,1219,94,71338,506,196,152,"Input",NA,3630,71338,3630,375,4585
"52",2020-04-05,"ON",NA,NA,1449,NA,4038,1449,119,75046,523,200,154,"Input",NA,4038,75046,4038,408,3708
"53",2020-04-06,"ON",NA,NA,329,NA,4347,1624,132,78796,589,216,160,"Input",NA,4347,78796,4347,309,3750
"54",2020-04-07,"ON",NA,NA,691,NA,4726,1802,153,81364,614,233,187,"Input",NA,4726,81364,4726,379,2568
"55",2020-02-14,"AB",76,NA,NA,0,0,NA,0,76,NA,NA,NA,"WBM",NA,76,76,0,NA,NA
"56",2020-02-15,"AB",NA,NA,NA,NA,NA,NA,NA,NA,NA,NA,NA,NA,NA,0,0,0,0,-76
"57",2020-02-16,"AB",NA,NA,NA,NA,NA,NA,NA,NA,NA,NA,NA,NA,NA,0,0,0,0,0
"58",2020-02-17,"AB",NA,NA,NA,NA,NA,NA,NA,NA,NA,NA,NA,NA,NA,0,0,0,0,0
"59",2020-02-18,"AB",NA,NA,NA,NA,NA,NA,NA,NA,NA,NA,NA,NA,NA,0,0,0,0,0
"60",2020-02-19,"AB",NA,NA,NA,NA,NA,NA,NA,NA,NA,NA,NA,NA,NA,0,0,0,0,0
"61",2020-02-20,"AB",NA,NA,NA,NA,NA,NA,NA,NA,NA,NA,NA,NA,NA,0,0,0,0,0
"62",2020-02-21,"AB",117,NA,NA,0,0,NA,0,117,NA,NA,NA,"WBM",NA,117,117,0,0,117
"63",2020-02-22,"AB",NA,NA,NA,NA,NA,NA,NA,NA,NA,NA,NA,NA,NA,0,0,0,0,-117
"64",2020-02-23,"AB",NA,NA,NA,NA,NA,NA,NA,NA,NA,NA,NA,NA,NA,0,0,0,0,0
"65",2020-02-24,"AB",NA,NA,NA,NA,NA,NA,NA,NA,NA,NA,NA,NA,NA,0,0,0,0,0
"66",2020-02-25,"AB",NA,NA,NA,NA,NA,NA,NA,NA,NA,NA,NA,NA,NA,0,0,0,0,0
"67",2020-02-26,"AB",NA,NA,NA,NA,NA,NA,NA,NA,NA,NA,NA,NA,NA,0,0,0,0,0
"68",2020-02-27,"AB",NA,NA,NA,NA,NA,NA,NA,NA,NA,NA,NA,NA,NA,0,0,0,0,0
"69",2020-02-28,"AB",173,NA,NA,0,0,NA,0,173,NA,NA,NA,"WBM",NA,173,173,0,0,173
"70",2020-02-29,"AB",NA,NA,NA,NA,NA,NA,NA,NA,NA,NA,NA,NA,NA,0,0,0,0,-173
"71",2020-03-01,"AB",NA,NA,NA,NA,NA,NA,NA,NA,NA,NA,NA,NA,NA,0,0,0,0,0
"72",2020-03-02,"AB",NA,NA,NA,NA,NA,NA,NA,NA,NA,NA,NA,NA,NA,0,0,0,0,0
"73",2020-03-03,"AB",NA,NA,NA,NA,NA,NA,NA,NA,NA,NA,NA,NA,NA,0,0,0,0,0
"74",2020-03-04,"AB",NA,NA,NA,NA,NA,NA,NA,NA,NA,NA,NA,NA,NA,0,0,0,0,0
"75",2020-03-05,"AB",NA,NA,NA,NA,NA,NA,NA,NA,NA,NA,NA,NA,NA,0,0,0,0,0
"76",2020-03-06,"AB",375,NA,NA,0,4,NA,0,NA,NA,NA,NA,"WBM",NA,379,379,4,4,379
"77",2020-03-07,"AB",NA,NA,NA,NA,NA,NA,NA,NA,NA,NA,NA,NA,NA,0,0,0,-4,-379
"78",2020-03-08,"AB",NA,NA,NA,NA,NA,NA,NA,NA,NA,NA,NA,NA,NA,0,0,0,0,0
"79",2020-03-09,"AB",1452,NA,NA,0,7,NA,0,NA,NA,NA,NA,"WBM",NA,1459,1459,7,7,1459
"80",2020-03-10,"AB",2004,NA,NA,0,14,NA,0,NA,NA,NA,NA,"WBM",NA,2018,2018,14,7,559
"81",2020-03-11,"AB",2600,NA,NA,0,19,NA,0,NA,NA,NA,NA,"WBM",NA,2619,2619,19,5,601
"82",2020-03-12,"AB",NA,NA,NA,NA,NA,NA,NA,NA,NA,NA,NA,NA,NA,0,0,0,-19,-2619
"83",2020-03-13,"AB",5429,NA,NA,0,29,NA,0,NA,NA,NA,NA,"WBM",NA,5458,5458,29,29,5458
"84",2020-03-14,"AB",7069,NA,NA,0,39,NA,0,NA,NA,NA,NA,"https://www.alberta.ca/coronavirus-info-for-albertans.aspx",NA,7108,7108,39,10,1650
"85",2020-03-15,"AB",7069,NA,NA,0,56,NA,0,NA,NA,NA,NA,"Input",NA,7125,7125,56,17,17
"86",2020-03-16,"AB",10524,NA,NA,0,74,NA,0,NA,NA,NA,NA,"Input",NA,10598,10598,74,18,3473
"87",2020-03-17,"AB",12258,NA,NA,0,97,NA,0,NA,NA,NA,NA,"Input",NA,12355,12355,97,23,1757
"88",2020-03-18,"AB",14447,NA,NA,0,119,NA,0,NA,NA,NA,NA,"Input",NA,14566,14566,119,22,2211
"89",2020-03-19,"AB",16867,NA,NA,0,146,NA,1,NA,NA,NA,NA,"Input",NA,17013,17013,146,27,2447
"90",2020-03-20,"AB",20165,NA,NA,0,195,NA,1,NA,10,5,NA,"Input",NA,20360,20360,195,49,3347
"91",2020-03-21,"AB",23516,NA,NA,0,226,NA,1,NA,11,6,NA,"https://www.alberta.ca/covid-19-alberta-data.aspx",NA,23742,23742,226,31,3382
"92",2020-03-22,"AB",26740,NA,NA,0,259,NA,1,NA,18,7,NA,"Input",NA,26999,26999,259,33,3257
"93",2020-03-23,"AB",29757,NA,NA,0,301,NA,1,NA,NA,NA,NA,"Input",NA,30058,30058,301,42,3059
"94",2020-03-24,"AB",32418,NA,NA,0,358,NA,2,NA,19,7,NA,"Input",NA,32776,32776,358,57,2718
"95",2020-03-25,"AB",35089,NA,NA,0,419,NA,2,NA,24,8,NA,"Input",NA,35508,35508,419,61,2732
"96",2020-03-26,"AB",36174,NA,NA,0,486,NA,2,NA,NA,NA,NA,"Input",NA,36660,36660,486,67,1152
"97",2020-03-27,"AB",37673,NA,NA,0,542,NA,2,NA,31,11,NA,"Input",NA,38215,38215,542,56,1555
"98",2020-03-28,"AB",NA,NA,NA,0,621,NA,2,42527,38,12,NA,"Input","Stop reporting negative test",621,42527,621,79,4312
"99",2020-03-29,"AB",NA,NA,NA,0,661,NA,3,44999,41,14,NA,"Input",NA,661,44999,661,40,2472
"100",2020-03-30,"AB",NA,NA,NA,0,690,NA,3,46057,47,17,NA,"Input",NA,690,46057,690,29,1058
"101",2020-03-31,"AB",NA,NA,NA,0,754,NA,9,48692,49,17,NA,"Input","Note: total means individuals tested. New location https://covid19stats.alberta.ca/",754,48692,754,64,2635
"102",2020-04-01,"AB",NA,NA,NA,0,871,NA,11,53141,62,20,NA,"Input","hosp and ICU numbers filled in using the second link",871,53141,871,117,4449
"103",2020-04-02,"AB",NA,NA,NA,0,968,NA,13,57096,67,21,NA,"Input",NA,968,57096,968,97,3955
"104",2020-04-03,"AB",NA,NA,NA,0,1075,NA,18,61960,75,24,NA,"Input",NA,1075,61960,1075,107,4864
"105",2020-04-04,"AB",NA,NA,NA,0,1181,240,20,64108,75,25,NA,"Input",NA,1181,64108,1181,106,2148
"106",2020-04-05,"AB",NA,NA,NA,0,1250,279,23,64806,84,26,NA,"Input","Filling in cumulative hosp and ICU using WBM",1250,64806,1250,69,698
"107",2020-04-06,"AB",NA,NA,NA,0,1348,361,24,65914,90,31,NA,"Input",NA,1348,65914,1348,98,1108
"108",2020-04-07,"AB",NA,NA,NA,0,1373,447,26,67117,90,31,NA,"Input",NA,1373,67117,1373,25,1203
"109",2020-02-14,"QC",NA,NA,NA,NA,NA,NA,NA,NA,NA,NA,NA,NA,NA,0,0,0,NA,NA
"110",2020-02-15,"QC",NA,NA,NA,NA,NA,NA,NA,NA,NA,NA,NA,NA,NA,0,0,0,0,0
"111",2020-02-16,"QC",NA,NA,NA,NA,NA,NA,NA,NA,NA,NA,NA,NA,NA,0,0,0,0,0
"112",2020-02-17,"QC",NA,NA,NA,NA,NA,NA,NA,NA,NA,NA,NA,NA,NA,0,0,0,0,0
"113",2020-02-18,"QC",NA,NA,NA,NA,NA,NA,NA,NA,NA,NA,NA,NA,NA,0,0,0,0,0
"114",2020-02-19,"QC",NA,NA,NA,NA,NA,NA,NA,NA,NA,NA,NA,NA,NA,0,0,0,0,0
"115",2020-02-20,"QC",NA,NA,NA,NA,NA,NA,NA,NA,NA,NA,NA,NA,NA,0,0,0,0,0
"116",2020-02-21,"QC",NA,NA,NA,NA,NA,NA,NA,NA,NA,NA,NA,NA,NA,0,0,0,0,0
"117",2020-02-22,"QC",NA,NA,NA,NA,NA,NA,NA,NA,NA,NA,NA,NA,NA,0,0,0,0,0
"118",2020-02-23,"QC",NA,NA,NA,NA,NA,NA,NA,NA,NA,NA,NA,NA,NA,0,0,0,0,0
"119",2020-02-24,"QC",NA,NA,NA,NA,NA,NA,NA,NA,NA,NA,NA,NA,NA,0,0,0,0,0
"120",2020-02-25,"QC",NA,NA,NA,NA,NA,NA,NA,NA,NA,NA,NA,NA,NA,0,0,0,0,0
"121",2020-02-26,"QC",NA,NA,NA,NA,NA,NA,NA,NA,NA,NA,NA,NA,NA,0,0,0,0,0
"122",2020-02-27,"QC",NA,NA,NA,NA,NA,NA,NA,NA,NA,NA,NA,NA,NA,0,0,0,0,0
"123",2020-02-28,"QC",NA,NA,NA,NA,NA,NA,NA,NA,NA,NA,NA,NA,NA,0,0,0,0,0
"124",2020-02-29,"QC",NA,NA,NA,NA,NA,NA,NA,NA,NA,NA,NA,NA,NA,0,0,0,0,0
"125",2020-03-01,"QC",NA,NA,NA,NA,NA,NA,NA,NA,NA,NA,NA,NA,NA,0,0,0,0,0
"126",2020-03-02,"QC",NA,NA,NA,NA,NA,NA,NA,NA,NA,NA,NA,NA,NA,0,0,0,0,0
"127",2020-03-03,"QC",NA,NA,NA,NA,NA,NA,NA,NA,NA,NA,NA,NA,NA,0,0,0,0,0
"128",2020-03-04,"QC",203,NA,33,0,1,NA,0,NA,NA,NA,NA,"WBM",NA,204,204,1,1,204
"129",2020-03-05,"QC",242,NA,20,1,2,NA,0,NA,NA,NA,NA,"WBM",NA,245,245,3,2,41
"130",2020-03-06,"QC",NA,NA,NA,NA,NA,NA,NA,NA,NA,NA,NA,NA,NA,0,0,0,-3,-245
"131",2020-03-07,"QC",NA,NA,NA,NA,NA,NA,NA,NA,NA,NA,NA,NA,NA,0,0,0,0,0
"132",2020-03-08,"QC",340,NA,10,2,2,NA,0,NA,NA,NA,NA,"WBM",NA,344,344,4,4,344
"133",2020-03-09,"QC",376,NA,25,1,4,NA,0,NA,NA,NA,NA,"WBM",NA,381,381,5,1,37
"134",2020-03-10,"QC",465,NA,91,0,7,NA,0,NA,NA,NA,NA,"WBM",NA,472,472,7,2,91
"135",2020-03-11,"QC",570,NA,136,0,9,NA,0,NA,NA,NA,NA,"WBM",NA,579,579,9,2,107
"136",2020-03-12,"QC",NA,NA,NA,NA,NA,NA,NA,NA,NA,NA,NA,NA,NA,0,0,0,-9,-579
"137",2020-03-13,"QC",NA,NA,NA,NA,NA,NA,NA,NA,NA,NA,NA,NA,NA,0,0,0,0,0
"138",2020-03-14,"QC",1399,NA,850,0,24,NA,0,NA,NA,NA,NA,"https://www.msss.gouv.qc.ca/professionnels/maladies-infectieuses/coronavirus-2019-ncov",NA,1423,1423,24,24,1423
"139",2020-03-15,"QC",2270,NA,1480,0,39,NA,0,NA,NA,NA,NA,"Input",NA,2309,2309,39,15,886
"140",2020-03-16,"QC",3079,NA,3073,0,50,NA,0,NA,2,0,NA,"Input",NA,3129,3129,50,11,820
"141",2020-03-17,"QC",4778,NA,2949,0,74,NA,0,NA,5,0,NA,"Input",NA,4852,4852,74,24,1723
"142",2020-03-18,"QC",5213,NA,3627,0,94,NA,1,NA,6,4,NA,"Input",NA,5307,5307,94,20,455
"143",2020-03-19,"QC",6331,NA,3997,0,121,1,1,NA,7,4,NA,"Input",NA,6452,6452,121,27,1145
"144",2020-03-20,"QC",7666,NA,2403,14,139,1,1,NA,10,6,NA,"Input",NA,7819,7819,153,32,1367
"145",2020-03-21,"QC",9242,NA,1512,57,181,1,4,NA,19,10,NA,"Input",NA,9480,9480,238,85,1661
"146",2020-03-22,"QC",9786,NA,2063,233,219,1,4,NA,24,13,NA,"Input",NA,10238,10238,452,214,758
"147",2020-03-23,"QC",11211,NA,1888,NA,628,1,4,NA,45,20,NA,"Input","The significant increase in confirmed cases is explained by the fact that, on March 22, 2020, cases tested positive by hospital center laboratories are now considered confirmed. They no longer need validation by the Quebec Public Health Laboratory (LSPQ).",11839,11839,628,176,1601
"148",2020-03-24,"QC",12202,NA,2548,NA,1013,1,4,NA,67,31,NA,"Input",NA,13215,13215,1013,385,1376
"149",2020-03-25,"QC",26634,NA,2998,NA,1339,1,6,NA,78,35,NA,"Input",NA,27973,27973,1339,326,14758
"150",2020-03-26,"QC",31854,NA,2622,NA,1629,1,8,NA,106,43,NA,"Input",NA,33483,33483,1629,290,5510
"151",2020-03-27,"QC",32335,NA,7236,NA,2021,29,18,NA,141,50,NA,"Input",NA,34356,34356,2021,392,873
"152",2020-03-28,"QC",43589,NA,6757,NA,2498,NA,22,NA,164,57,NA,"Input","Did not report recovered today, coding NA",46087,46087,2498,477,11731
"153",2020-03-29,"QC",49364,NA,6313,NA,2840,NA,22,NA,192,72,NA,"Input",NA,52204,52204,2840,342,6117
"154",2020-03-30,"QC",56285,NA,6200,NA,3430,NA,25,NA,235,78,NA,"Input",NA,59715,59715,3430,590,7511
"155",2020-03-31,"QC",63378,NA,5601,NA,4162,NA,31,NA,286,82,NA,"Input",NA,67540,67540,4162,732,7825
"156",2020-04-01,"QC",65082,NA,5770,NA,4611,NA,33,NA,307,82,NA,"Input","no data on recovery",69693,69693,4611,449,2153
"157",2020-04-02,"QC",69024,NA,4871,NA,5518,NA,36,NA,365,96,NA,"Input","update 1pm",74542,74542,5518,907,4849
"158",2020-04-03,"QC",77469,NA,4233,NA,6101,NA,61,NA,441,107,NA,"Input",NA,83570,83570,6101,583,9028
"159",2020-04-04,"QC",83230,NA,3879,NA,6997,NA,75,NA,478,130,NA,"Input",NA,90227,90227,6997,896,6657
"160",2020-04-05,"QC",87992,NA,2847,NA,7944,464,94,NA,525,154,NA,"Input","filling in detail past info from second link, note, they update late at night, check time stamp, the 1pm updates are actually 1 day. We are keeping this uploading format to match our told 1pm updates. https://www.inspq.qc.ca/covid-19/donnees",95936,95936,7944,947,5709
"161",2020-04-06,"QC",91533,NA,2942,NA,8580,611,121,NA,533,164,NA,"Input",NA,100113,100113,8580,636,4177
"162",2020-04-07,"QC",95186,NA,2472,NA,9340,720,150,NA,583,164,NA,"Input",NA,104526,104526,9340,760,4413
"163",2020-02-14,"BC",NA,NA,NA,NA,NA,NA,NA,NA,NA,NA,NA,NA,NA,0,0,0,NA,NA
"164",2020-02-15,"BC",NA,NA,NA,NA,NA,NA,NA,NA,NA,NA,NA,NA,NA,0,0,0,0,0
"165",2020-02-16,"BC",NA,NA,NA,NA,NA,NA,NA,NA,NA,NA,NA,NA,NA,0,0,0,0,0
"166",2020-02-17,"BC",NA,NA,NA,NA,NA,NA,NA,NA,NA,NA,NA,NA,NA,0,0,0,0,0
"167",2020-02-18,"BC",NA,NA,NA,NA,NA,NA,NA,NA,NA,NA,NA,NA,NA,0,0,0,0,0
"168",2020-02-19,"BC",NA,NA,NA,NA,NA,NA,NA,NA,NA,NA,NA,NA,NA,0,0,0,0,0
"169",2020-02-20,"BC",NA,NA,NA,NA,NA,NA,NA,NA,NA,NA,NA,NA,NA,0,0,0,0,0
"170",2020-02-21,"BC",NA,NA,NA,NA,NA,NA,NA,NA,NA,NA,NA,NA,NA,0,0,0,0,0
"171",2020-02-22,"BC",NA,NA,NA,NA,NA,NA,NA,NA,NA,NA,NA,NA,NA,0,0,0,0,0
"172",2020-02-23,"BC",NA,NA,NA,NA,NA,NA,NA,NA,NA,NA,NA,NA,NA,0,0,0,0,0
"173",2020-02-24,"BC",NA,NA,NA,NA,NA,NA,NA,NA,NA,NA,NA,NA,NA,0,0,0,0,0
"174",2020-02-25,"BC",NA,NA,NA,NA,NA,NA,NA,NA,NA,NA,NA,NA,NA,0,0,0,0,0
"175",2020-02-26,"BC",NA,NA,NA,NA,NA,NA,NA,NA,NA,NA,NA,NA,NA,0,0,0,0,0
"176",2020-02-27,"BC",NA,NA,NA,NA,NA,NA,NA,NA,NA,NA,NA,NA,NA,0,0,0,0,0
"177",2020-02-28,"BC",NA,NA,NA,NA,NA,NA,NA,NA,NA,NA,NA,NA,NA,0,0,0,0,0
"178",2020-02-29,"BC",NA,NA,NA,NA,NA,NA,NA,NA,NA,NA,NA,NA,NA,0,0,0,0,0
"179",2020-03-01,"BC",NA,NA,NA,NA,NA,NA,NA,NA,NA,NA,NA,NA,NA,0,0,0,0,0
"180",2020-03-02,"BC",NA,NA,NA,NA,NA,NA,NA,NA,NA,NA,NA,NA,NA,0,0,0,0,0
"181",2020-03-03,"BC",NA,NA,NA,NA,NA,NA,NA,NA,NA,NA,NA,NA,NA,0,0,0,0,0
"182",2020-03-04,"BC",NA,NA,NA,NA,NA,NA,NA,NA,NA,NA,NA,NA,NA,0,0,0,0,0
"183",2020-03-05,"BC",NA,NA,NA,NA,NA,NA,NA,NA,NA,NA,NA,NA,NA,0,0,0,0,0
"184",2020-03-06,"BC",NA,NA,NA,NA,NA,NA,NA,NA,NA,NA,NA,NA,NA,0,0,0,0,0
"185",2020-03-07,"BC",NA,NA,NA,NA,NA,NA,NA,NA,NA,NA,NA,NA,NA,0,0,0,0,0
"186",2020-03-08,"BC",NA,NA,NA,NA,NA,NA,NA,NA,NA,NA,NA,NA,NA,0,0,0,0,0
"187",2020-03-09,"BC",NA,NA,NA,NA,NA,NA,NA,NA,NA,NA,NA,NA,NA,0,0,0,0,0
"188",2020-03-10,"BC",NA,NA,NA,NA,NA,NA,NA,NA,NA,NA,NA,NA,NA,0,0,0,0,0
"189",2020-03-11,"BC",NA,NA,NA,NA,NA,NA,NA,NA,NA,NA,NA,NA,NA,0,0,0,0,0
"190",2020-03-12,"BC",NA,NA,NA,NA,NA,NA,NA,NA,NA,NA,NA,NA,NA,0,0,0,0,0
"191",2020-03-13,"BC",NA,NA,NA,NA,73,NA,0,6326,NA,NA,NA,"http://www.bccdc.ca/health-info/diseases-conditions/covid-19/case-counts-press-statements",NA,73,6326,73,73,6326
"192",2020-03-14,"BC",NA,NA,NA,NA,NA,NA,NA,NA,NA,NA,NA,NA,NA,0,0,0,-73,-6326
"193",2020-03-15,"BC",NA,NA,NA,NA,73,4,1,6326,NA,NA,NA,"Input",NA,73,6326,73,73,6326
"194",2020-03-16,"BC",NA,NA,NA,NA,103,5,7,6326,NA,NA,NA,"Input",NA,103,6326,103,30,0
"195",2020-03-17,"BC",NA,NA,NA,NA,186,5,7,6326,NA,NA,NA,"Input",NA,186,6326,186,83,0
"196",2020-03-18,"BC",NA,NA,NA,NA,231,5,7,6326,NA,NA,NA,"Input",NA,231,6326,231,45,0
"197",2020-03-19,"BC",NA,NA,NA,NA,271,5,7,6326,NA,NA,NA,"Input",NA,271,6326,271,40,0
"198",2020-03-20,"BC",NA,NA,NA,NA,348,6,9,17912,NA,NA,NA,"Input",NA,348,17912,348,77,11586
"199",2020-03-21,"BC",NA,NA,NA,NA,424,6,10,17912,NA,NA,NA,"Input",NA,424,17912,424,76,0
"200",2020-03-22,"BC",NA,NA,NA,NA,424,6,10,21296,NA,NA,NA,"Input","Did not update",424,21296,424,0,3384
"201",2020-03-23,"BC",NA,NA,NA,NA,539,146,13,26681,83,23,NA,"http://www.bccdc.ca/Health-Info-Site/Documents/BC_Surveillance_Summary_March_23_2020.pdf",NA,539,26681,539,115,5385
"202",2020-03-24,"BC",NA,NA,NA,NA,617,173,13,26681,96,29,NA,"http://www.bccdc.ca/Health-Info-Site/Documents/BC_Surveillance_Summary_March_24_2020%20Final.pdf",NA,617,26681,617,78,0
"203",2020-03-25,"BC",NA,NA,NA,NA,659,183,14,31739,107,41,NA,"http://www.bccdc.ca/Health-Info-Site/Documents/BC_Surveillance_Summary_March_25_final.pdf",NA,659,31739,659,42,5058
"204",2020-03-26,"BC",NA,NA,NA,NA,725,186,14,34561,110,42,NA,"http://www.bccdc.ca/Health-Info-Site/Documents/BC_Surveillance_Summary_March_26%20Final.pdf",NA,725,34561,725,66,2822
"205",2020-03-27,"BC",NA,NA,NA,NA,792,275,16,36643,123,46,NA,"http://www.bccdc.ca/Health-Info-Site/Documents/BC_Surveillance_Summary_March_27_final.pdf",NA,792,36643,792,67,2082
"206",2020-03-28,"BC",NA,NA,NA,NA,884,396,17,38697,NA,NA,NA,"Input",NA,884,38697,884,92,2054
"207",2020-03-29,"BC",NA,NA,NA,NA,884,396,17,38697,NA,NA,NA,"Input","Did not update",884,38697,884,0,0
"208",2020-03-30,"BC",NA,NA,NA,NA,970,469,19,42028,175,NA,NA,"http://www.bccdc.ca/Health-Info-Site/Documents/BC_Surveillance_Summary_March_30_final.pdf",NA,970,42028,970,86,3331
"209",2020-03-31,"BC",NA,NA,NA,NA,1013,507,24,43229,204,NA,NA,"http://www.bccdc.ca/Health-Info-Site/Documents/BC_Surveillance_Summary_March_31.pdf",NA,1013,43229,1013,43,1201
"210",2020-04-01,"BC",NA,NA,NA,NA,1066,606,25,44639,225,NA,NA,"http://www.bccdc.ca/Health-Info-Site/Documents/BC_Surveillance_Summary_April_1%20Final.pdf",NA,1066,44639,1066,53,1410
"211",2020-04-02,"BC",NA,NA,NA,NA,1121,641,31,45966,244,68,NA,"http://www.bccdc.ca/Health-Info-Site/Documents/BC_Surveillance_Summary_April_2%20Final.pdf",NA,1121,45966,1121,55,1327
"212",2020-04-03,"BC",NA,NA,NA,NA,1174,673,35,47352,263,64,NA,"http://www.bccdc.ca/Health-Info-Site/Documents/BC_Surveillance_Summary_April_3%20Final.pdf",NA,1174,47352,1174,53,1386
"213",2020-04-04,"BC",NA,NA,NA,NA,1203,704,38,48508,NA,NA,NA,"Input",NA,1203,48508,1203,29,1156
"214",2020-04-05,"BC",NA,NA,NA,NA,1203,704,38,48508,NA,NA,NA,"Input","did not update",1203,48508,1203,0,0
"215",2020-04-06,"BC",NA,NA,NA,NA,1266,783,39,50350,290,72,NA,"http://www.bccdc.ca/Health-Info-Site/Documents/BC_Surveillance_Summary_April_6_final.pdf",NA,1266,50350,1266,63,1842
"216",2020-04-07,"BC",NA,NA,NA,NA,1291,805,43,51423,298,66,NA,"http://www.bccdc.ca/Health-Info-Site/Documents/BC_Surveillance_Summary_April_7.pdf","Hosp and ICU data filled in from situation reports; cumulative ICU are avaliable on the last page on the situation report",1291,51423,1291,25,1073
"217",2020-02-14,"SK",NA,NA,NA,NA,NA,NA,NA,NA,NA,NA,NA,NA,NA,0,0,0,NA,NA
"218",2020-02-15,"SK",NA,NA,NA,NA,NA,NA,NA,NA,NA,NA,NA,NA,NA,0,0,0,0,0
"219",2020-02-16,"SK",NA,NA,NA,NA,NA,NA,NA,NA,NA,NA,NA,NA,NA,0,0,0,0,0
"220",2020-02-17,"SK",NA,NA,NA,NA,NA,NA,NA,NA,NA,NA,NA,NA,NA,0,0,0,0,0
"221",2020-02-18,"SK",NA,NA,NA,NA,NA,NA,NA,NA,NA,NA,NA,NA,NA,0,0,0,0,0
"222",2020-02-19,"SK",NA,NA,NA,NA,NA,NA,NA,NA,NA,NA,NA,NA,NA,0,0,0,0,0
"223",2020-02-20,"SK",NA,NA,NA,NA,NA,NA,NA,NA,NA,NA,NA,NA,NA,0,0,0,0,0
"224",2020-02-21,"SK",NA,NA,NA,NA,NA,NA,NA,NA,NA,NA,NA,NA,NA,0,0,0,0,0
"225",2020-02-22,"SK",NA,NA,NA,NA,NA,NA,NA,NA,NA,NA,NA,NA,NA,0,0,0,0,0
"226",2020-02-23,"SK",NA,NA,NA,NA,NA,NA,NA,NA,NA,NA,NA,NA,NA,0,0,0,0,0
"227",2020-02-24,"SK",NA,NA,NA,NA,NA,NA,NA,NA,NA,NA,NA,NA,NA,0,0,0,0,0
"228",2020-02-25,"SK",NA,NA,NA,NA,NA,NA,NA,NA,NA,NA,NA,NA,NA,0,0,0,0,0
"229",2020-02-26,"SK",NA,NA,NA,NA,NA,NA,NA,NA,NA,NA,NA,NA,NA,0,0,0,0,0
"230",2020-02-27,"SK",NA,NA,NA,NA,NA,NA,NA,NA,NA,NA,NA,NA,NA,0,0,0,0,0
"231",2020-02-28,"SK",NA,NA,NA,NA,NA,NA,NA,NA,NA,NA,NA,NA,NA,0,0,0,0,0
"232",2020-02-29,"SK",NA,NA,NA,NA,NA,NA,NA,NA,NA,NA,NA,NA,NA,0,0,0,0,0
"233",2020-03-01,"SK",NA,NA,NA,NA,NA,NA,NA,NA,NA,NA,NA,NA,NA,0,0,0,0,0
"234",2020-03-02,"SK",45,NA,7,0,0,NA,0,52,NA,NA,NA,"WBM",NA,45,52,0,0,52
"235",2020-03-03,"SK",NA,NA,NA,NA,NA,NA,NA,NA,NA,NA,NA,NA,NA,0,0,0,0,-52
"236",2020-03-04,"SK",NA,NA,NA,NA,NA,NA,NA,NA,NA,NA,NA,NA,NA,0,0,0,0,0
"237",2020-03-05,"SK",NA,NA,NA,NA,NA,NA,NA,NA,NA,NA,NA,NA,NA,0,0,0,0,0
"238",2020-03-06,"SK",NA,NA,NA,NA,NA,NA,NA,NA,NA,NA,NA,NA,NA,0,0,0,0,0
"239",2020-03-07,"SK",NA,NA,NA,NA,NA,NA,NA,NA,NA,NA,NA,NA,NA,0,0,0,0,0
"240",2020-03-08,"SK",NA,NA,NA,NA,NA,NA,NA,NA,NA,NA,NA,NA,NA,0,0,0,0,0
"241",2020-03-09,"SK",NA,NA,NA,NA,NA,NA,NA,NA,NA,NA,NA,NA,NA,0,0,0,0,0
"242",2020-03-10,"SK",263,NA,22,1,0,NA,0,285,NA,NA,NA,"WBM",NA,264,285,1,1,285
"243",2020-03-11,"SK",NA,NA,NA,NA,NA,NA,NA,NA,NA,NA,NA,NA,NA,0,0,0,-1,-285
"244",2020-03-12,"SK",NA,NA,NA,NA,NA,NA,NA,NA,NA,NA,NA,NA,NA,0,0,0,0,0
"245",2020-03-13,"SK",NA,NA,NA,NA,NA,NA,NA,NA,NA,NA,NA,NA,NA,0,0,0,0,0
"246",2020-03-14,"SK",452,NA,44,5,1,NA,0,499,NA,NA,NA,"https://www.saskatchewan.ca/coronavirus",NA,458,499,6,6,499
"247",2020-03-15,"SK",NA,NA,16,5,2,NA,0,796,NA,NA,NA,"Input",NA,7,796,7,1,297
"248",2020-03-16,"SK",NA,NA,46,6,2,NA,0,1107,NA,NA,NA,"Input",NA,8,1107,8,1,311
"249",2020-03-17,"SK",NA,NA,NA,NA,NA,NA,NA,NA,NA,NA,NA,NA,NA,0,0,0,-8,-1107
"250",2020-03-18,"SK",NA,NA,NA,14,2,NA,0,1978,NA,NA,NA,"https://www.saskatchewan.ca/government/health-care-administration-and-provider-resources/treatment-procedures-and-guidelines/emerging-public-health-issues/2019-novel-coronavirus/cases-and-risk-of-covid-19-in-saskatchewan",NA,16,1978,16,16,1978
"251",2020-03-19,"SK",NA,NA,NA,12,8,NA,0,2561,NA,NA,NA,"Input",NA,20,2561,20,4,583
"252",2020-03-20,"SK",NA,NA,NA,18,8,NA,0,3093,NA,NA,NA,"Input",NA,26,3093,26,6,532
"253",2020-03-21,"SK",NA,NA,NA,25,19,NA,0,3917,NA,NA,NA,"Input",NA,44,3917,44,18,824
"254",2020-03-22,"SK",NA,NA,NA,33,19,NA,0,4536,NA,NA,NA,"Input",NA,52,4536,52,8,619
"255",2020-03-23,"SK",NA,NA,NA,1,65,NA,0,5269,NA,NA,NA,"Input",NA,66,5269,66,14,733
"256",2020-03-24,"SK",NA,NA,NA,NA,72,NA,0,5757,NA,NA,NA,"Input",NA,72,5757,72,6,488
"257",2020-03-25,"SK",NA,NA,NA,NA,86,NA,0,6270,NA,NA,NA,"Input",NA,86,6270,86,14,513
"258",2020-03-26,"SK",6600,NA,34,NA,95,3,0,6915,5,2,NA,"Input","The sum does not add up because some people had multiple test",6695,6915,95,9,645
"259",2020-03-27,"SK",7148,NA,108,NA,104,3,0,7580,4,2,NA,"Input",NA,7252,7580,104,9,665
"260",2020-03-28,"SK",7797,NA,78,NA,134,4,0,8248,3,3,NA,"Input",NA,7931,8248,134,30,668
"261",2020-03-29,"SK",8470,NA,196,NA,156,8,0,9086,3,2,NA,"Input","There may be more recovered cases yet to be reported to Public Health",8626,9086,156,22,838
"262",2020-03-30,"SK",9135,NA,61,NA,176,14,0,9651,4,1,NA,"Input","There may be more recovered cases yet to be reported to Public Health",9311,9651,176,20,565
"263",2020-03-31,"SK",9608,NA,61,NA,184,21,2,10126,3,1,NA,"Input",NA,9792,10126,184,8,475
"264",2020-04-01,"SK",10009,NA,NA,NA,193,30,3,10528,3,1,NA,"Input",NA,10202,10528,193,9,402
"265",2020-04-02,"SK",10828,NA,NA,NA,206,36,3,11395,3,1,NA,"Input",NA,11034,11395,206,13,867
"266",2020-04-03,"SK",11504,NA,NA,NA,220,48,3,12112,2,1,NA,"Input",NA,11724,12112,220,14,717
"267",2020-04-04,"SK",12017,NA,NA,NA,231,55,3,12670,3,1,NA,"Input","neg and positive people, not cases",12248,12670,231,11,558
"268",2020-04-05,"SK",12812,NA,NA,NA,249,67,3,13528,2,2,NA,"Input","hospital and ICU are probably prevalence",13061,13528,249,18,858
"269",2020-04-06,"SK",13433,NA,NA,NA,253,81,3,14178,2,2,NA,"Input",NA,13686,14178,253,4,650
"270",2020-04-07,"SK",13949,NA,NA,NA,260,88,3,14722,5,2,NA,"Input",NA,14209,14722,260,7,544
"271",2020-02-14,"MB",NA,NA,NA,NA,NA,NA,NA,NA,NA,NA,NA,NA,NA,0,0,0,NA,NA
"272",2020-02-15,"MB",NA,NA,NA,NA,NA,NA,NA,NA,NA,NA,NA,NA,NA,0,0,0,0,0
"273",2020-02-16,"MB",NA,NA,NA,NA,NA,NA,NA,NA,NA,NA,NA,NA,NA,0,0,0,0,0
"274",2020-02-17,"MB",NA,NA,NA,NA,NA,NA,NA,NA,NA,NA,NA,NA,NA,0,0,0,0,0
"275",2020-02-18,"MB",NA,NA,NA,NA,NA,NA,NA,NA,NA,NA,NA,NA,NA,0,0,0,0,0
"276",2020-02-19,"MB",NA,NA,NA,NA,NA,NA,NA,NA,NA,NA,NA,NA,NA,0,0,0,0,0
"277",2020-02-20,"MB",NA,NA,NA,NA,NA,NA,NA,NA,NA,NA,NA,NA,NA,0,0,0,0,0
"278",2020-02-21,"MB",NA,NA,NA,NA,NA,NA,NA,NA,NA,NA,NA,NA,NA,0,0,0,0,0
"279",2020-02-22,"MB",NA,NA,NA,NA,NA,NA,NA,NA,NA,NA,NA,NA,NA,0,0,0,0,0
"280",2020-02-23,"MB",NA,NA,NA,NA,NA,NA,NA,NA,NA,NA,NA,NA,NA,0,0,0,0,0
"281",2020-02-24,"MB",NA,NA,NA,NA,NA,NA,NA,NA,NA,NA,NA,NA,NA,0,0,0,0,0
"282",2020-02-25,"MB",NA,NA,NA,NA,NA,NA,NA,NA,NA,NA,NA,NA,NA,0,0,0,0,0
"283",2020-02-26,"MB",NA,NA,NA,NA,NA,NA,NA,NA,NA,NA,NA,NA,NA,0,0,0,0,0
"284",2020-02-27,"MB",NA,NA,NA,NA,NA,NA,NA,NA,NA,NA,NA,NA,NA,0,0,0,0,0
"285",2020-02-28,"MB",NA,NA,NA,NA,NA,NA,NA,NA,NA,NA,NA,NA,NA,0,0,0,0,0
"286",2020-02-29,"MB",NA,NA,NA,NA,NA,NA,NA,NA,NA,NA,NA,NA,NA,0,0,0,0,0
"287",2020-03-01,"MB",NA,NA,NA,NA,NA,NA,NA,NA,NA,NA,NA,NA,NA,0,0,0,0,0
"288",2020-03-02,"MB",NA,NA,NA,NA,NA,NA,NA,NA,NA,NA,NA,NA,NA,0,0,0,0,0
"289",2020-03-03,"MB",NA,NA,NA,NA,NA,NA,NA,NA,NA,NA,NA,NA,NA,0,0,0,0,0
"290",2020-03-04,"MB",NA,NA,NA,NA,NA,NA,NA,NA,NA,NA,NA,NA,NA,0,0,0,0,0
"291",2020-03-05,"MB",NA,NA,NA,NA,NA,NA,NA,NA,NA,NA,NA,NA,NA,0,0,0,0,0
"292",2020-03-06,"MB",NA,NA,NA,NA,NA,NA,NA,NA,NA,NA,NA,NA,NA,0,0,0,0,0
"293",2020-03-07,"MB",NA,NA,NA,NA,NA,NA,NA,NA,NA,NA,NA,NA,NA,0,0,0,0,0
"294",2020-03-08,"MB",NA,NA,NA,NA,NA,NA,NA,NA,NA,NA,NA,NA,NA,0,0,0,0,0
"295",2020-03-09,"MB",NA,NA,NA,NA,NA,NA,NA,NA,NA,NA,NA,NA,NA,0,0,0,0,0
"296",2020-03-10,"MB",NA,NA,NA,NA,NA,NA,NA,NA,NA,NA,NA,NA,NA,0,0,0,0,0
"297",2020-03-11,"MB",NA,NA,NA,NA,4,NA,0,403,NA,NA,NA,"WBM",NA,4,403,4,4,403
"298",2020-03-12,"MB",NA,NA,NA,NA,NA,NA,NA,NA,NA,NA,NA,NA,NA,0,0,0,-4,-403
"299",2020-03-13,"MB",NA,NA,NA,NA,NA,NA,NA,NA,NA,NA,NA,NA,NA,0,0,0,0,0
"300",2020-03-14,"MB",NA,NA,NA,NA,NA,NA,NA,NA,NA,NA,NA,NA,NA,0,0,0,0,0
"301",2020-03-15,"MB",NA,NA,NA,NA,NA,NA,NA,NA,NA,NA,NA,NA,NA,0,0,0,0,0
"302",2020-03-16,"MB",NA,NA,NA,NA,7,NA,0,1871,NA,NA,NA,"https://www.gov.mb.ca/covid19/index.html",NA,7,1871,7,7,1871
"303",2020-03-17,"MB",NA,NA,NA,NA,7,8,0,2280,NA,NA,NA,"Input",NA,7,2280,7,0,409
"304",2020-03-18,"MB",NA,NA,NA,7,8,0,0,2912,NA,NA,NA,"Input",NA,15,2912,15,8,632
"305",2020-03-19,"MB",NA,NA,NA,NA,17,0,0,3270,NA,NA,NA,"Input",NA,17,3270,17,2,358
"306",2020-03-20,"MB",NA,NA,NA,NA,17,0,0,3534,NA,NA,NA,"Input",NA,17,3534,17,0,264
"307",2020-03-21,"MB",NA,NA,NA,8,11,0,0,3801,NA,NA,NA,"Input",NA,19,3801,19,2,267
"308",2020-03-22,"MB",NA,NA,NA,9,11,0,0,3801,NA,NA,NA,"Input","Did not update",20,3801,20,1,0
"309",2020-03-23,"MB",NA,NA,NA,9,11,0,0,4245,NA,NA,NA,"Input",NA,20,4245,20,0,444
"310",2020-03-24,"MB",NA,NA,NA,10,11,0,0,4525,NA,NA,NA,"Input",NA,21,4525,21,1,280
"311",2020-03-25,"MB",NA,NA,NA,24,11,0,0,4520,NA,NA,NA,"Input","Why did total test drop by 5?",35,4520,35,14,-5
"312",2020-03-26,"MB",NA,NA,NA,25,11,0,0,5606,NA,NA,NA,"Input",NA,36,5606,36,1,1086
"313",2020-03-27,"MB",NA,NA,NA,14,25,0,1,6203,NA,NA,NA,"Input",NA,39,6203,39,3,597
"314",2020-03-28,"MB",NA,NA,NA,3,61,0,1,7147,NA,NA,NA,"Input",NA,64,7147,64,25,944
"315",2020-03-29,"MB",NA,NA,NA,3,69,0,1,7147,NA,NA,NA,"Input","Possible another update later, # total test did not get updated",72,7147,72,8,0
"316",2020-03-30,"MB",NA,NA,NA,13,83,2,1,8550,4,1,NA,"Input",NA,96,8550,96,24,1403
"317",2020-03-31,"MB",NA,NA,NA,12,91,4,1,8914,3,2,NA,"Input",NA,103,8914,103,7,364
"318",2020-04-01,"MB",NA,NA,NA,18,109,4,1,10044,4,3,NA,"Input",NA,127,10044,127,24,1130
"319",2020-04-02,"MB",NA,NA,NA,15,152,4,1,11327,4,3,NA,"Input","update 1:00pm",167,11327,167,40,1283
"320",2020-04-03,"MB",NA,NA,NA,18,164,11,2,11952,5,4,NA,"Input",NA,182,11952,182,15,625
"321",2020-04-04,"MB",NA,NA,NA,22,172,17,2,12514,10,6,NA,"https://www.gov.mb.ca/covid19/updates/index.html",NA,194,12514,194,12,562
"322",2020-04-05,"MB",NA,NA,NA,16,187,17,2,12998,17,7,NA,"Input","These are 9:30 am updates",203,12998,203,9,484
"323",2020-04-06,"MB",NA,NA,NA,14,190,17,2,12998,11,7,NA,"Input","Hosp and ICU are probably prevalence",204,12998,204,1,0
"324",2020-04-07,"MB",NA,NA,NA,14,203,21,3,14280,12,6,NA,"Input",NA,217,14280,217,13,1282
"325",2020-02-14,"NL",NA,NA,NA,NA,NA,NA,NA,NA,NA,NA,NA,NA,NA,0,0,0,NA,NA
"326",2020-02-15,"NL",NA,NA,NA,NA,NA,NA,NA,NA,NA,NA,NA,NA,NA,0,0,0,0,0
"327",2020-02-16,"NL",NA,NA,NA,NA,NA,NA,NA,NA,NA,NA,NA,NA,NA,0,0,0,0,0
"328",2020-02-17,"NL",NA,NA,NA,NA,NA,NA,NA,NA,NA,NA,NA,NA,NA,0,0,0,0,0
"329",2020-02-18,"NL",NA,NA,NA,NA,NA,NA,NA,NA,NA,NA,NA,NA,NA,0,0,0,0,0
"330",2020-02-19,"NL",NA,NA,NA,NA,NA,NA,NA,NA,NA,NA,NA,NA,NA,0,0,0,0,0
"331",2020-02-20,"NL",NA,NA,NA,NA,NA,NA,NA,NA,NA,NA,NA,NA,NA,0,0,0,0,0
"332",2020-02-21,"NL",NA,NA,NA,NA,NA,NA,NA,NA,NA,NA,NA,NA,NA,0,0,0,0,0
"333",2020-02-22,"NL",NA,NA,NA,NA,NA,NA,NA,NA,NA,NA,NA,NA,NA,0,0,0,0,0
"334",2020-02-23,"NL",NA,NA,NA,NA,NA,NA,NA,NA,NA,NA,NA,NA,NA,0,0,0,0,0
"335",2020-02-24,"NL",NA,NA,NA,NA,NA,NA,NA,NA,NA,NA,NA,NA,NA,0,0,0,0,0
"336",2020-02-25,"NL",NA,NA,NA,NA,NA,NA,NA,NA,NA,NA,NA,NA,NA,0,0,0,0,0
"337",2020-02-26,"NL",NA,NA,NA,NA,NA,NA,NA,NA,NA,NA,NA,NA,NA,0,0,0,0,0
"338",2020-02-27,"NL",NA,NA,NA,NA,NA,NA,NA,NA,NA,NA,NA,NA,NA,0,0,0,0,0
"339",2020-02-28,"NL",NA,NA,NA,NA,NA,NA,NA,NA,NA,NA,NA,NA,NA,0,0,0,0,0
"340",2020-02-29,"NL",NA,NA,NA,NA,NA,NA,NA,NA,NA,NA,NA,NA,NA,0,0,0,0,0
"341",2020-03-01,"NL",NA,NA,NA,NA,NA,NA,NA,NA,NA,NA,NA,NA,NA,0,0,0,0,0
"342",2020-03-02,"NL",NA,NA,NA,NA,NA,NA,NA,NA,NA,NA,NA,NA,NA,0,0,0,0,0
"343",2020-03-03,"NL",NA,NA,NA,NA,NA,NA,NA,NA,NA,NA,NA,NA,NA,0,0,0,0,0
"344",2020-03-04,"NL",NA,NA,NA,NA,NA,NA,NA,NA,NA,NA,NA,NA,NA,0,0,0,0,0
"345",2020-03-05,"NL",NA,NA,NA,NA,NA,NA,NA,NA,NA,NA,NA,NA,NA,0,0,0,0,0
"346",2020-03-06,"NL",NA,NA,NA,NA,NA,NA,NA,NA,NA,NA,NA,NA,NA,0,0,0,0,0
"347",2020-03-07,"NL",NA,NA,NA,NA,NA,NA,NA,NA,NA,NA,NA,NA,NA,0,0,0,0,0
"348",2020-03-08,"NL",NA,NA,NA,NA,NA,NA,NA,NA,NA,NA,NA,NA,NA,0,0,0,0,0
"349",2020-03-09,"NL",NA,NA,NA,NA,NA,NA,NA,NA,NA,NA,NA,NA,NA,0,0,0,0,0
"350",2020-03-10,"NL",NA,NA,NA,NA,NA,NA,NA,NA,NA,NA,NA,NA,NA,0,0,0,0,0
"351",2020-03-11,"NL",NA,NA,NA,NA,NA,NA,NA,NA,NA,NA,NA,NA,NA,0,0,0,0,0
"352",2020-03-12,"NL",NA,NA,NA,NA,NA,NA,NA,NA,NA,NA,NA,NA,NA,0,0,0,0,0
"353",2020-03-13,"NL",NA,NA,NA,NA,NA,NA,NA,NA,NA,NA,NA,NA,NA,0,0,0,0,0
"354",2020-03-14,"NL",NA,NA,NA,NA,NA,NA,NA,NA,NA,NA,NA,NA,NA,0,0,0,0,0
"355",2020-03-15,"NL",NA,NA,NA,NA,NA,NA,NA,NA,NA,NA,NA,NA,NA,0,0,0,0,0
"356",2020-03-16,"NL",NA,NA,NA,1,NA,NA,0,NA,NA,NA,NA,"https://www.gov.nl.ca/covid-19/",NA,1,1,1,1,1
"357",2020-03-17,"NL",NA,NA,NA,NA,NA,NA,NA,NA,NA,NA,NA,NA,NA,0,0,0,-1,-1
"358",2020-03-18,"NL",NA,NA,NA,3,NA,NA,0,NA,NA,NA,NA,"Input",NA,3,3,3,3,3
"359",2020-03-19,"NL",NA,NA,NA,2,1,NA,0,NA,NA,NA,NA,"Input",NA,3,3,3,0,0
"360",2020-03-20,"NL",NA,NA,NA,1,3,NA,0,NA,NA,NA,NA,"Input",NA,4,4,4,1,1
"361",2020-03-21,"NL",895,NA,NA,3,3,NA,0,901,NA,NA,NA,"Input",NA,901,901,6,2,897
"362",2020-03-22,"NL",961,NA,NA,6,3,NA,0,970,NA,NA,NA,"Input",NA,970,970,9,3,69
"363",2020-03-23,"NL",914,NA,NA,20,4,NA,0,938,NA,NA,NA,"Input",NA,938,938,24,15,-32
"364",2020-03-24,"NL",1096,NA,NA,31,4,NA,0,1131,NA,NA,NA,"Input",NA,1131,1131,35,11,193
"365",2020-03-25,"NL",1269,NA,NA,NA,67,NA,0,1336,NA,NA,NA,"Input",NA,1336,1336,67,32,205
"366",2020-03-25,"NL",1269,NA,NA,NA,67,NA,0,1336,NA,NA,NA,"Input",NA,1336,1336,67,0,0
"367",2020-03-26,"NL",1409,NA,NA,NA,82,NA,0,1491,NA,NA,NA,"Input",NA,1491,1491,82,15,155
"368",2020-03-27,"NL",1587,NA,NA,NA,102,NA,0,1684,NA,NA,NA,"Input",NA,1689,1689,102,20,198
"369",2020-03-28,"NL",1587,NA,NA,NA,120,NA,0,1927,NA,NA,NA,"Input",NA,1707,1927,120,18,238
"370",2020-03-29,"NL",1972,NA,NA,NA,135,NA,0,2107,NA,NA,NA,"https://www.gov.nl.ca/covid-19/pandemic-update/",NA,2107,2107,135,15,180
"371",2020-03-30,"NL",2185,NA,NA,NA,148,NA,0,2332,NA,NA,NA,"Input",NA,2333,2333,148,13,226
"372",2020-03-31,"NL",2423,NA,NA,NA,152,NA,0,2575,NA,NA,NA,"Input","total people tested",2575,2575,152,4,242
"373",2020-04-01,"NL",2641,NA,NA,NA,175,NA,0,2816,15,NA,NA,"Input",NA,2816,2816,175,23,241
"374",2020-04-02,"NL",2746,NA,NA,NA,183,10,0,2929,11,4,NA,"Input","update 2:30pm; 4 of the 11 are in ICU",2929,2929,183,8,113
"375",2020-04-03,"NL",2746,NA,NA,NA,183,10,0,2929,11,4,NA,"Input","did not update",2929,2929,183,0,0
"376",2020-04-04,"NL",2746,NA,NA,NA,203,18,1,3386,11,NA,NA,"https://covid-19-newfoundland-and-labrador-gnl.hub.arcgis.com/","No more ICU data",2949,3386,203,20,457
"377",2020-04-05,"NL",NA,NA,NA,NA,217,28,1,3565,10,NA,NA,"Input","Can't find negative;prevalence for hospital",217,3565,217,14,179
"378",2020-04-06,"NL",NA,NA,NA,NA,226,32,2,3776,8,NA,NA,"Input",NA,226,3776,226,9,211
"379",2020-04-07,"NL",NA,NA,NA,NA,228,49,2,3958,7,NA,NA,"Input",NA,228,3958,228,2,182
"380",2020-02-14,"NB",NA,NA,NA,NA,NA,NA,NA,NA,NA,NA,NA,NA,NA,0,0,0,NA,NA
"381",2020-02-15,"NB",NA,NA,NA,NA,NA,NA,NA,NA,NA,NA,NA,NA,NA,0,0,0,0,0
"382",2020-02-16,"NB",NA,NA,NA,NA,NA,NA,NA,NA,NA,NA,NA,NA,NA,0,0,0,0,0
"383",2020-02-17,"NB",NA,NA,NA,NA,NA,NA,NA,NA,NA,NA,NA,NA,NA,0,0,0,0,0
"384",2020-02-18,"NB",NA,NA,NA,NA,NA,NA,NA,NA,NA,NA,NA,NA,NA,0,0,0,0,0
"385",2020-02-19,"NB",NA,NA,NA,NA,NA,NA,NA,NA,NA,NA,NA,NA,NA,0,0,0,0,0
"386",2020-02-20,"NB",NA,NA,NA,NA,NA,NA,NA,NA,NA,NA,NA,NA,NA,0,0,0,0,0
"387",2020-02-21,"NB",NA,NA,NA,NA,NA,NA,NA,NA,NA,NA,NA,NA,NA,0,0,0,0,0
"388",2020-02-22,"NB",NA,NA,NA,NA,NA,NA,NA,NA,NA,NA,NA,NA,NA,0,0,0,0,0
"389",2020-02-23,"NB",NA,NA,NA,NA,NA,NA,NA,NA,NA,NA,NA,NA,NA,0,0,0,0,0
"390",2020-02-24,"NB",4,NA,NA,NA,0,NA,0,4,NA,NA,NA,"WBM",NA,4,4,0,0,4
"391",2020-02-25,"NB",NA,NA,NA,NA,NA,NA,NA,NA,NA,NA,NA,NA,NA,0,0,0,0,-4
"392",2020-02-26,"NB",NA,NA,NA,NA,NA,NA,NA,NA,NA,NA,NA,NA,NA,0,0,0,0,0
"393",2020-02-27,"NB",NA,NA,NA,NA,NA,NA,NA,NA,NA,NA,NA,NA,NA,0,0,0,0,0
"394",2020-02-28,"NB",NA,NA,NA,NA,NA,NA,NA,NA,NA,NA,NA,NA,NA,0,0,0,0,0
"395",2020-02-29,"NB",NA,NA,NA,NA,NA,NA,NA,NA,NA,NA,NA,NA,NA,0,0,0,0,0
"396",2020-03-01,"NB",NA,NA,NA,NA,NA,NA,NA,NA,NA,NA,NA,NA,NA,0,0,0,0,0
"397",2020-03-02,"NB",NA,NA,NA,NA,NA,NA,NA,NA,NA,NA,NA,NA,NA,0,0,0,0,0
"398",2020-03-03,"NB",NA,NA,NA,NA,NA,NA,NA,NA,NA,NA,NA,NA,NA,0,0,0,0,0
"399",2020-03-04,"NB",NA,NA,NA,NA,NA,NA,NA,NA,NA,NA,NA,NA,NA,0,0,0,0,0
"400",2020-03-05,"NB",NA,NA,NA,NA,NA,NA,NA,NA,NA,NA,NA,NA,NA,0,0,0,0,0
"401",2020-03-06,"NB",NA,NA,NA,NA,NA,NA,NA,NA,NA,NA,NA,NA,NA,0,0,0,0,0
"402",2020-03-07,"NB",NA,NA,NA,NA,NA,NA,NA,NA,NA,NA,NA,NA,NA,0,0,0,0,0
"403",2020-03-08,"NB",NA,NA,NA,NA,NA,NA,NA,NA,NA,NA,NA,NA,NA,0,0,0,0,0
"404",2020-03-09,"NB",NA,NA,NA,NA,NA,NA,NA,NA,NA,NA,NA,NA,NA,0,0,0,0,0
"405",2020-03-10,"NB",NA,NA,NA,NA,NA,NA,NA,NA,NA,NA,NA,NA,NA,0,0,0,0,0
"406",2020-03-11,"NB",NA,NA,NA,NA,NA,NA,NA,NA,NA,NA,NA,NA,NA,0,0,0,0,0
"407",2020-03-12,"NB",NA,NA,NA,NA,NA,NA,NA,NA,NA,NA,NA,NA,NA,0,0,0,0,0
"408",2020-03-13,"NB",NA,NA,NA,NA,NA,NA,NA,NA,NA,NA,NA,NA,NA,0,0,0,0,0
"409",2020-03-14,"NB",18,NA,NA,1,1,NA,0,NA,NA,NA,NA,"WBM",NA,20,20,2,2,20
"410",2020-03-15,"NB",NA,NA,NA,NA,NA,NA,NA,NA,NA,NA,NA,NA,NA,0,0,0,-2,-20
"411",2020-03-16,"NB",196,NA,NA,5,2,NA,0,NA,NA,NA,NA,"https://www2.gnb.ca/content/gnb/en/departments/ocmoh/cdc/content/respiratory_diseases/coronavirus.html",NA,203,203,7,7,203
"412",2020-03-17,"NB",196,NA,NA,6,2,NA,0,NA,NA,NA,NA,"Input",NA,204,204,8,1,1
"413",2020-03-18,"NB",370,NA,NA,9,2,NA,0,NA,NA,NA,NA,"Input",NA,381,381,11,3,177
"414",2020-03-19,"NB",410,NA,NA,4,7,NA,0,NA,NA,NA,NA,"Input",NA,421,421,11,0,40
"415",2020-03-20,"NB",509,NA,NA,4,7,NA,0,NA,NA,NA,NA,"Input",NA,520,520,11,0,99
"416",2020-03-21,"NB",771,NA,NA,9,8,NA,0,NA,NA,NA,NA,"Input",NA,788,788,17,6,268
"417",2020-03-22,"NB",841,NA,NA,9,8,NA,0,NA,NA,NA,NA,"Input",NA,858,858,17,0,70
"418",2020-03-23,"NB",1079,NA,NA,NA,17,NA,0,NA,NA,NA,NA,"Input",NA,1096,1096,17,0,238
"419",2020-03-24,"NB",1237,NA,NA,NA,18,NA,0,NA,NA,NA,NA,"Input",NA,1255,1255,18,1,159
"420",2020-03-25,"NB",1524,NA,NA,NA,26,NA,0,NA,NA,NA,NA,"Input",NA,1550,1550,26,8,295
"421",2020-03-26,"NB",1795,NA,NA,NA,33,NA,0,NA,NA,NA,NA,"Input",NA,1828,1828,33,7,278
"422",2020-03-27,"NB",NA,NA,NA,NA,45,NA,0,2019,NA,NA,NA,"Input","Stop reporting number of negatives",45,2019,45,12,191
"423",2020-03-28,"NB",NA,NA,NA,NA,51,NA,0,2605,NA,NA,NA,"Input",NA,51,2605,51,6,586
"424",2020-03-29,"NB",NA,NA,NA,NA,66,NA,0,2931,NA,NA,NA,"Input",NA,66,2931,66,15,326
"425",2020-03-30,"NB",NA,NA,NA,NA,68,NA,0,3234,NA,NA,NA,"Input",NA,68,3234,68,2,303
"426",2020-03-31,"NB",NA,NA,NA,NA,70,NA,0,3536,NA,NA,NA,"Input",NA,70,3536,70,2,302
"427",2020-04-01,"NB",3836,NA,NA,NA,81,NA,0,NA,NA,NA,NA,"https://www2.gnb.ca/content/gnb/en/departments/ocmoh/cdc/content/respiratory_diseases/coronavirus/testing-by-the-numbers.html","Reporting negatives again and no more total",3917,3917,81,11,381
"428",2020-04-02,"NB",4224,NA,NA,NA,91,22,0,NA,NA,NA,NA,"Input",NA,4315,4315,91,10,398
"429",2020-04-03,"NB",4661,NA,NA,NA,95,25,0,NA,NA,NA,NA,"Input",NA,4756,4756,95,4,441
"430",2020-04-03,"NB",4661,NA,NA,NA,95,25,0,NA,NA,NA,NA,"Input",NA,4756,4756,95,0,0
"431",2020-04-04,"NB",5005,NA,NA,NA,98,28,0,NA,NA,NA,NA,"Input",NA,5103,5103,98,3,347
"432",2020-04-05,"NB",5217,NA,NA,NA,101,28,0,NA,NA,NA,NA,"Input",NA,5318,5318,101,3,215
"433",2020-04-06,"NB",5510,NA,NA,NA,103,30,0,NA,NA,NA,NA,"Input",NA,5613,5613,103,2,295
"434",2020-04-07,"NB",5766,NA,NA,NA,105,39,0,NA,NA,NA,NA,"Input",NA,5871,5871,105,2,258
"435",2020-02-14,"NS",NA,NA,NA,NA,NA,NA,NA,NA,NA,NA,NA,NA,NA,0,0,0,NA,NA
"436",2020-02-15,"NS",NA,NA,NA,NA,NA,NA,NA,NA,NA,NA,NA,NA,NA,0,0,0,0,0
"437",2020-02-16,"NS",NA,NA,NA,NA,NA,NA,NA,NA,NA,NA,NA,NA,NA,0,0,0,0,0
"438",2020-02-17,"NS",NA,NA,NA,NA,NA,NA,NA,NA,NA,NA,NA,NA,NA,0,0,0,0,0
"439",2020-02-18,"NS",NA,NA,NA,NA,NA,NA,NA,NA,NA,NA,NA,NA,NA,0,0,0,0,0
"440",2020-02-19,"NS",NA,NA,NA,NA,NA,NA,NA,NA,NA,NA,NA,NA,NA,0,0,0,0,0
"441",2020-02-20,"NS",NA,NA,NA,NA,NA,NA,NA,NA,NA,NA,NA,NA,NA,0,0,0,0,0
"442",2020-02-21,"NS",NA,NA,NA,NA,NA,NA,NA,NA,NA,NA,NA,NA,NA,0,0,0,0,0
"443",2020-02-22,"NS",NA,NA,NA,NA,NA,NA,NA,NA,NA,NA,NA,NA,NA,0,0,0,0,0
"444",2020-02-23,"NS",NA,NA,NA,NA,NA,NA,NA,NA,NA,NA,NA,NA,NA,0,0,0,0,0
"445",2020-02-24,"NS",NA,NA,NA,NA,NA,NA,NA,NA,NA,NA,NA,NA,NA,0,0,0,0,0
"446",2020-02-25,"NS",NA,NA,NA,NA,NA,NA,NA,NA,NA,NA,NA,NA,NA,0,0,0,0,0
"447",2020-02-26,"NS",NA,NA,NA,NA,NA,NA,NA,NA,NA,NA,NA,NA,NA,0,0,0,0,0
"448",2020-02-27,"NS",NA,NA,NA,NA,NA,NA,NA,NA,NA,NA,NA,NA,NA,0,0,0,0,0
"449",2020-02-28,"NS",NA,NA,NA,NA,NA,NA,NA,NA,NA,NA,NA,NA,NA,0,0,0,0,0
"450",2020-02-29,"NS",NA,NA,NA,NA,NA,NA,NA,NA,NA,NA,NA,NA,NA,0,0,0,0,0
"451",2020-03-01,"NS",NA,NA,NA,NA,NA,NA,NA,NA,NA,NA,NA,NA,NA,0,0,0,0,0
"452",2020-03-02,"NS",NA,NA,NA,NA,NA,NA,NA,NA,NA,NA,NA,NA,NA,0,0,0,0,0
"453",2020-03-03,"NS",NA,NA,NA,NA,NA,NA,NA,NA,NA,NA,NA,NA,NA,0,0,0,0,0
"454",2020-03-04,"NS",NA,NA,NA,NA,NA,NA,NA,NA,NA,NA,NA,NA,NA,0,0,0,0,0
"455",2020-03-05,"NS",NA,NA,NA,NA,NA,NA,NA,NA,NA,NA,NA,NA,NA,0,0,0,0,0
"456",2020-03-06,"NS",NA,NA,NA,NA,NA,NA,NA,NA,NA,NA,NA,NA,NA,0,0,0,0,0
"457",2020-03-07,"NS",NA,NA,NA,NA,NA,NA,NA,NA,NA,NA,NA,NA,NA,0,0,0,0,0
"458",2020-03-08,"NS",NA,NA,NA,NA,NA,NA,NA,NA,NA,NA,NA,NA,NA,0,0,0,0,0
"459",2020-03-09,"NS",NA,NA,NA,NA,NA,NA,NA,NA,NA,NA,NA,NA,NA,0,0,0,0,0
"460",2020-03-10,"NS",NA,NA,NA,NA,NA,NA,NA,NA,NA,NA,NA,NA,NA,0,0,0,0,0
"461",2020-03-11,"NS",NA,NA,NA,NA,NA,NA,NA,NA,NA,NA,NA,NA,NA,0,0,0,0,0
"462",2020-03-12,"NS",57,NA,NA,0,0,NA,0,NA,NA,NA,NA,"WBM",NA,57,57,0,0,57
"463",2020-03-13,"NS",NA,NA,NA,NA,NA,NA,NA,NA,NA,NA,NA,NA,NA,0,0,0,0,-57
"464",2020-03-14,"NS",NA,NA,NA,NA,NA,NA,NA,NA,NA,NA,NA,NA,NA,0,0,0,0,0
"465",2020-03-15,"NS",NA,NA,NA,NA,NA,NA,NA,NA,NA,NA,NA,NA,NA,0,0,0,0,0
"466",2020-03-16,"NS",671,NA,NA,5,0,NA,0,NA,NA,NA,NA,"https://novascotia.ca/coronavirus/#cases",NA,676,676,5,5,676
"467",2020-03-17,"NS",934,NA,NA,6,1,NA,0,NA,NA,NA,NA,"Input",NA,941,941,7,2,265
"468",2020-03-18,"NS",1141,NA,NA,9,3,NA,0,NA,NA,NA,NA,"Input",NA,1153,1153,12,5,212
"469",2020-03-19,"NS",1373,NA,NA,9,5,NA,0,NA,NA,NA,NA,"Input",NA,1387,1387,14,2,234
"470",2020-03-20,"NS",1546,NA,NA,10,5,NA,0,NA,NA,NA,NA,"Input",NA,1561,1561,15,1,174
"471",2020-03-21,"NS",1826,NA,NA,12,9,NA,0,NA,NA,NA,NA,"Input",NA,1847,1847,21,6,286
"472",2020-03-22,"NS",2088,NA,NA,NA,28,NA,0,NA,NA,NA,NA,"Input",NA,2116,2116,28,7,269
"473",2020-03-23,"NS",2308,NA,NA,NA,41,NA,0,NA,NA,NA,NA,"Input",NA,2349,2349,41,13,233
"474",2020-03-24,"NS",2474,NA,NA,NA,51,NA,0,NA,NA,NA,NA,"Input",NA,2525,2525,51,10,176
"475",2020-03-25,"NS",2772,NA,NA,NA,68,NA,0,NA,NA,NA,NA,"Input",NA,2840,2840,68,17,315
"476",2020-03-26,"NS",3201,NA,NA,NA,73,NA,0,NA,NA,NA,NA,"Input",NA,3274,3274,73,5,434
"477",2020-03-27,"NS",3649,NA,NA,NA,90,NA,0,NA,NA,NA,NA,"Input",NA,3739,3739,90,17,465
"478",2020-03-28,"NS",4031,NA,NA,NA,110,NA,0,NA,NA,NA,NA,"Input",NA,4141,4141,110,20,402
"479",2020-03-29,"NS",4731,NA,NA,NA,122,NA,0,NA,NA,NA,NA,"Input",NA,4853,4853,122,12,712
"480",2020-03-30,"NS",5045,NA,NA,NA,127,NA,0,NA,NA,NA,NA,"Input",NA,5172,5172,127,5,319
"481",2020-03-31,"NS",5763,NA,NA,NA,147,NA,0,NA,NA,NA,NA,"Input",NA,5910,5910,147,20,738
"482",2020-04-01,"NS",6591,NA,NA,NA,173,NA,0,NA,NA,NA,NA,"Input",NA,6764,6764,173,26,854
"483",2020-04-02,"NS",7446,NA,NA,NA,193,NA,0,NA,NA,NA,NA,"Input",NA,7639,7639,193,20,875
"484",2020-04-03,"NS",8234,NA,NA,NA,207,21,0,NA,5,NA,NA,"Input","second link for recovered and hosp data https://novascotia.ca/coronavirus/data/",8441,8441,207,14,802
"485",2020-04-04,"NS",8964,NA,NA,NA,236,50,0,NA,4,NA,NA,"Input",NA,9200,9200,236,29,759
"486",2020-04-05,"NS",9510,NA,NA,NA,262,53,0,NA,6,NA,NA,"Input",NA,9772,9772,262,26,572
"487",2020-04-06,"NS",10218,NA,NA,NA,293,64,0,NA,10,NA,NA,"Input","Hosp are prevalence",10511,10511,293,31,739
"488",2020-04-07,"NS",10621,NA,NA,NA,310,66,1,NA,11,NA,NA,"Input",NA,10931,10931,310,17,420
"489",2020-02-14,"PEI",NA,NA,NA,NA,NA,NA,NA,NA,NA,NA,NA,NA,NA,0,0,0,NA,NA
"490",2020-02-15,"PEI",NA,NA,NA,NA,NA,NA,NA,NA,NA,NA,NA,NA,NA,0,0,0,0,0
"491",2020-02-16,"PEI",NA,NA,NA,NA,NA,NA,NA,NA,NA,NA,NA,NA,NA,0,0,0,0,0
"492",2020-02-17,"PEI",NA,NA,NA,NA,NA,NA,NA,NA,NA,NA,NA,NA,NA,0,0,0,0,0
"493",2020-02-18,"PEI",NA,NA,NA,NA,NA,NA,NA,NA,NA,NA,NA,NA,NA,0,0,0,0,0
"494",2020-02-19,"PEI",NA,NA,NA,NA,NA,NA,NA,NA,NA,NA,NA,NA,NA,0,0,0,0,0
"495",2020-02-20,"PEI",NA,NA,NA,NA,NA,NA,NA,NA,NA,NA,NA,NA,NA,0,0,0,0,0
"496",2020-02-21,"PEI",NA,NA,NA,NA,NA,NA,NA,NA,NA,NA,NA,NA,NA,0,0,0,0,0
"497",2020-02-22,"PEI",NA,NA,NA,NA,NA,NA,NA,NA,NA,NA,NA,NA,NA,0,0,0,0,0
"498",2020-02-23,"PEI",NA,NA,NA,NA,NA,NA,NA,NA,NA,NA,NA,NA,NA,0,0,0,0,0
"499",2020-02-24,"PEI",NA,NA,NA,NA,NA,NA,NA,NA,NA,NA,NA,NA,NA,0,0,0,0,0
"500",2020-02-25,"PEI",NA,NA,NA,NA,NA,NA,NA,NA,NA,NA,NA,NA,NA,0,0,0,0,0
"501",2020-02-26,"PEI",NA,NA,NA,NA,NA,NA,NA,NA,NA,NA,NA,NA,NA,0,0,0,0,0
"502",2020-02-27,"PEI",NA,NA,NA,NA,NA,NA,NA,NA,NA,NA,NA,NA,NA,0,0,0,0,0
"503",2020-02-28,"PEI",NA,NA,NA,NA,NA,NA,NA,NA,NA,NA,NA,NA,NA,0,0,0,0,0
"504",2020-02-29,"PEI",NA,NA,NA,NA,NA,NA,NA,NA,NA,NA,NA,NA,NA,0,0,0,0,0
"505",2020-03-01,"PEI",NA,NA,NA,NA,NA,NA,NA,NA,NA,NA,NA,NA,NA,0,0,0,0,0
"506",2020-03-02,"PEI",NA,NA,NA,NA,NA,NA,NA,NA,NA,NA,NA,NA,NA,0,0,0,0,0
"507",2020-03-03,"PEI",NA,NA,NA,NA,NA,NA,NA,NA,NA,NA,NA,NA,NA,0,0,0,0,0
"508",2020-03-04,"PEI",NA,NA,NA,NA,NA,NA,NA,NA,NA,NA,NA,NA,NA,0,0,0,0,0
"509",2020-03-05,"PEI",NA,NA,NA,NA,NA,NA,NA,NA,NA,NA,NA,NA,NA,0,0,0,0,0
"510",2020-03-06,"PEI",NA,NA,NA,NA,NA,NA,NA,NA,NA,NA,NA,NA,NA,0,0,0,0,0
"511",2020-03-07,"PEI",NA,NA,NA,NA,NA,NA,NA,NA,NA,NA,NA,NA,NA,0,0,0,0,0
"512",2020-03-08,"PEI",NA,NA,NA,NA,NA,NA,NA,NA,NA,NA,NA,NA,NA,0,0,0,0,0
"513",2020-03-09,"PEI",NA,NA,NA,NA,NA,NA,NA,NA,NA,NA,NA,NA,NA,0,0,0,0,0
"514",2020-03-10,"PEI",NA,NA,NA,NA,NA,NA,NA,NA,NA,NA,NA,NA,NA,0,0,0,0,0
"515",2020-03-11,"PEI",NA,NA,NA,NA,NA,NA,NA,NA,NA,NA,NA,NA,NA,0,0,0,0,0
"516",2020-03-12,"PEI",NA,NA,NA,NA,NA,NA,NA,NA,NA,NA,NA,NA,NA,0,0,0,0,0
"517",2020-03-13,"PEI",NA,NA,NA,NA,NA,NA,NA,NA,NA,NA,NA,NA,NA,0,0,0,0,0
"518",2020-03-14,"PEI",NA,NA,NA,NA,NA,NA,NA,NA,NA,NA,NA,NA,NA,0,0,0,0,0
"519",2020-03-15,"PEI",NA,NA,NA,NA,1,NA,0,NA,NA,NA,NA,"WBM",NA,1,1,1,1,1
"520",2020-03-16,"PEI",NA,NA,NA,NA,NA,NA,NA,NA,NA,NA,NA,NA,NA,0,0,0,-1,-1
"521",2020-03-17,"PEI",40,NA,142,NA,1,NA,0,NA,NA,NA,NA,"WBM",NA,41,41,1,1,41
"522",2020-03-18,"PEI",NA,NA,NA,NA,NA,NA,NA,NA,NA,NA,NA,NA,NA,0,0,0,-1,-41
"523",2020-03-19,"PEI",122,NA,89,NA,2,NA,0,NA,NA,NA,NA,"https://www.princeedwardisland.ca/en/topic/covid-19",NA,124,124,2,2,124
"524",2020-03-20,"PEI",167,NA,71,NA,2,NA,0,NA,NA,NA,NA,"Input",NA,169,169,2,0,45
"525",2020-03-21,"PEI",167,NA,156,NA,2,NA,0,NA,NA,NA,NA,"Input",NA,169,169,2,0,0
"526",2020-03-22,"PEI",231,NA,159,NA,3,NA,0,NA,NA,NA,NA,"Input",NA,234,234,3,1,65
"527",2020-03-23,"PEI",231,NA,166,NA,3,NA,0,NA,NA,NA,NA,"Input",NA,234,234,3,0,0
"528",2020-03-24,"PEI",231,NA,182,NA,3,NA,0,NA,NA,NA,NA,"Input",NA,234,234,3,0,0
"529",2020-03-25,"PEI",337,NA,208,NA,5,NA,0,NA,NA,NA,NA,"Input",NA,342,342,5,2,108
"530",2020-03-26,"PEI",339,NA,339,NA,5,NA,0,NA,NA,NA,NA,"Input",NA,344,344,5,0,2
"531",2020-03-27,"PEI",444,NA,167,NA,11,1,0,622,NA,NA,NA,"Input",NA,455,622,11,6,278
"532",2020-03-28,"PEI",444,NA,167,NA,11,1,0,622,NA,NA,NA,"Input","Did not update",455,622,11,0,0
"533",2020-03-29,"PEI",444,NA,167,NA,11,1,0,622,NA,NA,NA,"Input","Did not update",455,622,11,0,0
"534",2020-03-30,"PEI",590,NA,161,NA,18,1,0,769,NA,NA,NA,"Input",NA,608,769,18,7,147
"535",2020-03-31,"PEI",662,NA,155,NA,21,1,0,769,NA,NA,NA,"Input","Stop reporting total",683,769,21,3,0
"536",2020-04-01,"PEI",665,NA,184,NA,21,1,0,NA,NA,NA,NA,"Input","Stop reporting total",686,686,21,0,-83
"537",2020-04-02,"PEI",809,NA,127,NA,22,3,0,NA,NA,NA,NA,"Input","The numbers don't seem to add up compare to yesterday; it says total cases include recovered cases",831,831,22,1,145
"538",2020-04-03,"PEI",813,NA,264,NA,22,4,0,NA,NA,NA,NA,"Input",NA,835,835,22,0,4
"539",2020-04-04,"PEI",982,NA,264,NA,22,6,0,NA,NA,NA,NA,"Input",NA,1004,1004,22,0,169
"540",2020-04-05,"PEI",982,NA,264,NA,22,6,0,NA,NA,NA,NA,"Input","did not update",1004,1004,22,0,0
"541",2020-04-06,"PEI",984,NA,368,NA,22,8,0,NA,NA,NA,NA,"Input","Changed format",1006,1006,22,0,2
"542",2020-04-07,"PEI",996,NA,464,NA,22,8,0,NA,NA,NA,NA,"Input",NA,1018,1018,22,0,12
"543",2020-02-14,"YU",NA,NA,NA,NA,NA,NA,NA,NA,NA,NA,NA,NA,NA,0,0,0,NA,NA
"544",2020-02-15,"YU",NA,NA,NA,NA,NA,NA,NA,NA,NA,NA,NA,NA,NA,0,0,0,0,0
"545",2020-02-16,"YU",NA,NA,NA,NA,NA,NA,NA,NA,NA,NA,NA,NA,NA,0,0,0,0,0
"546",2020-02-17,"YU",NA,NA,NA,NA,NA,NA,NA,NA,NA,NA,NA,NA,NA,0,0,0,0,0
"547",2020-02-18,"YU",NA,NA,NA,NA,NA,NA,NA,NA,NA,NA,NA,NA,NA,0,0,0,0,0
"548",2020-02-19,"YU",NA,NA,NA,NA,NA,NA,NA,NA,NA,NA,NA,NA,NA,0,0,0,0,0
"549",2020-02-20,"YU",NA,NA,NA,NA,NA,NA,NA,NA,NA,NA,NA,NA,NA,0,0,0,0,0
"550",2020-02-21,"YU",NA,NA,NA,NA,NA,NA,NA,NA,NA,NA,NA,NA,NA,0,0,0,0,0
"551",2020-02-22,"YU",NA,NA,NA,NA,NA,NA,NA,NA,NA,NA,NA,NA,NA,0,0,0,0,0
"552",2020-02-23,"YU",NA,NA,NA,NA,NA,NA,NA,NA,NA,NA,NA,NA,NA,0,0,0,0,0
"553",2020-02-24,"YU",NA,NA,NA,NA,NA,NA,NA,NA,NA,NA,NA,NA,NA,0,0,0,0,0
"554",2020-02-25,"YU",NA,NA,NA,NA,NA,NA,NA,NA,NA,NA,NA,NA,NA,0,0,0,0,0
"555",2020-02-26,"YU",NA,NA,NA,NA,NA,NA,NA,NA,NA,NA,NA,NA,NA,0,0,0,0,0
"556",2020-02-27,"YU",NA,NA,NA,NA,NA,NA,NA,NA,NA,NA,NA,NA,NA,0,0,0,0,0
"557",2020-02-28,"YU",NA,NA,NA,NA,NA,NA,NA,NA,NA,NA,NA,NA,NA,0,0,0,0,0
"558",2020-02-29,"YU",NA,NA,NA,NA,NA,NA,NA,NA,NA,NA,NA,NA,NA,0,0,0,0,0
"559",2020-03-01,"YU",NA,NA,NA,NA,NA,NA,NA,NA,NA,NA,NA,NA,NA,0,0,0,0,0
"560",2020-03-02,"YU",NA,NA,NA,NA,NA,NA,NA,NA,NA,NA,NA,NA,NA,0,0,0,0,0
"561",2020-03-03,"YU",NA,NA,NA,NA,NA,NA,NA,NA,NA,NA,NA,NA,NA,0,0,0,0,0
"562",2020-03-04,"YU",NA,NA,NA,NA,NA,NA,NA,NA,NA,NA,NA,NA,NA,0,0,0,0,0
"563",2020-03-05,"YU",NA,NA,NA,NA,NA,NA,NA,NA,NA,NA,NA,NA,NA,0,0,0,0,0
"564",2020-03-06,"YU",NA,NA,NA,NA,NA,NA,NA,NA,NA,NA,NA,NA,NA,0,0,0,0,0
"565",2020-03-07,"YU",NA,NA,NA,NA,NA,NA,NA,NA,NA,NA,NA,NA,NA,0,0,0,0,0
"566",2020-03-08,"YU",NA,NA,NA,NA,NA,NA,NA,NA,NA,NA,NA,NA,NA,0,0,0,0,0
"567",2020-03-09,"YU",NA,NA,NA,NA,NA,NA,NA,NA,NA,NA,NA,NA,NA,0,0,0,0,0
"568",2020-03-10,"YU",NA,NA,NA,NA,NA,NA,NA,NA,NA,NA,NA,NA,NA,0,0,0,0,0
"569",2020-03-11,"YU",NA,NA,NA,NA,NA,NA,NA,NA,NA,NA,NA,NA,NA,0,0,0,0,0
"570",2020-03-12,"YU",NA,NA,NA,NA,NA,NA,NA,NA,NA,NA,NA,NA,NA,0,0,0,0,0
"571",2020-03-13,"YU",NA,NA,NA,NA,NA,NA,NA,NA,NA,NA,NA,NA,NA,0,0,0,0,0
"572",2020-03-14,"YU",NA,NA,NA,NA,NA,NA,NA,NA,NA,NA,NA,NA,NA,0,0,0,0,0
"573",2020-03-15,"YU",NA,NA,NA,NA,NA,NA,NA,NA,NA,NA,NA,NA,NA,0,0,0,0,0
"574",2020-03-16,"YU",NA,NA,NA,NA,NA,NA,NA,NA,NA,NA,NA,NA,NA,0,0,0,0,0
"575",2020-03-17,"YU",NA,NA,NA,NA,NA,NA,NA,NA,NA,NA,NA,NA,NA,0,0,0,0,0
"576",2020-03-18,"YU",NA,NA,NA,NA,NA,NA,NA,NA,NA,NA,NA,NA,NA,0,0,0,0,0
"577",2020-03-19,"YU",NA,NA,NA,NA,NA,NA,0,398,NA,NA,NA,"https://yukon.ca/en/information-about-novel-coronavirus-yukoners",NA,0,398,0,0,398
"578",2020-03-20,"YU",NA,NA,NA,NA,NA,NA,0,398,NA,NA,NA,"Input",NA,0,398,0,0,0
"579",2020-03-21,"YU",NA,NA,NA,NA,NA,NA,0,398,NA,NA,NA,"Input",NA,0,398,0,0,0
"580",2020-03-22,"YU",244,NA,172,NA,2,NA,0,418,NA,NA,NA,"Input",NA,246,418,2,2,20
"581",2020-03-23,"YU",244,NA,172,NA,2,NA,0,418,NA,NA,NA,"Input","Did not update",246,418,2,0,0
"582",2020-03-24,"YU",244,NA,172,NA,2,NA,0,418,NA,NA,NA,"Input","Did not update",246,418,2,0,0
"583",2020-03-25,"YU",412,NA,102,NA,3,NA,0,517,NA,NA,NA,"Input",NA,415,517,3,1,99
"584",2020-03-26,"YU",412,NA,102,NA,3,NA,0,517,NA,NA,NA,"Input","Did not update",415,517,3,0,0
"585",2020-03-27,"YU",556,NA,43,NA,4,NA,0,603,NA,NA,NA,"Input",NA,560,603,4,1,86
"586",2020-03-28,"YU",556,NA,43,NA,4,NA,0,603,NA,NA,NA,"Input","Did not update",560,603,4,0,0
"587",2020-03-29,"YU",556,NA,43,NA,4,NA,0,603,NA,NA,NA,"Input","Did not update",560,603,4,0,0
"588",2020-03-30,"YU",593,NA,90,NA,5,NA,0,688,NA,NA,NA,"Input",NA,598,688,5,1,85
"589",2020-03-31,"YU",593,NA,90,NA,5,NA,0,688,NA,NA,NA,"Input","Did not update",598,688,5,0,0
"590",2020-04-01,"YU",690,NA,26,NA,6,3,0,722,NA,NA,NA,"Input","Is positives here cumulative and not prevalence? the numbers add up with I don't include recovery",696,722,6,1,34
"591",2020-04-02,"YU",690,NA,26,NA,6,3,0,722,NA,NA,NA,"Input","did not update",696,722,6,0,0
"592",2020-04-03,"YU",694,NA,53,NA,6,4,0,753,NA,NA,NA,"Input",NA,700,753,6,0,31
"593",2020-04-04,"YU",694,NA,53,NA,6,4,0,753,NA,NA,NA,"Input","did not update",700,753,6,0,0
"594",2020-04-05,"YU",694,NA,53,NA,6,4,0,753,NA,NA,NA,"Input","did not update",700,753,6,0,0
"595",2020-04-06,"YU",740,NA,28,NA,7,4,0,775,NA,NA,NA,"Input",NA,747,775,7,1,22
"596",2020-04-07,"YU",740,NA,28,NA,7,4,0,775,NA,NA,NA,"Input","did not update",747,775,7,0,0
"597",2020-02-14,"NWT",NA,NA,NA,NA,NA,NA,NA,NA,NA,NA,NA,NA,NA,0,0,0,NA,NA
"598",2020-02-15,"NWT",NA,NA,NA,NA,NA,NA,NA,NA,NA,NA,NA,NA,NA,0,0,0,0,0
"599",2020-02-16,"NWT",NA,NA,NA,NA,NA,NA,NA,NA,NA,NA,NA,NA,NA,0,0,0,0,0
"600",2020-02-17,"NWT",NA,NA,NA,NA,NA,NA,NA,NA,NA,NA,NA,NA,NA,0,0,0,0,0
"601",2020-02-18,"NWT",NA,NA,NA,NA,NA,NA,NA,NA,NA,NA,NA,NA,NA,0,0,0,0,0
"602",2020-02-19,"NWT",NA,NA,NA,NA,NA,NA,NA,NA,NA,NA,NA,NA,NA,0,0,0,0,0
"603",2020-02-20,"NWT",NA,NA,NA,NA,NA,NA,NA,NA,NA,NA,NA,NA,NA,0,0,0,0,0
"604",2020-02-21,"NWT",NA,NA,NA,NA,NA,NA,NA,NA,NA,NA,NA,NA,NA,0,0,0,0,0
"605",2020-02-22,"NWT",NA,NA,NA,NA,NA,NA,NA,NA,NA,NA,NA,NA,NA,0,0,0,0,0
"606",2020-02-23,"NWT",NA,NA,NA,NA,NA,NA,NA,NA,NA,NA,NA,NA,NA,0,0,0,0,0
"607",2020-02-24,"NWT",NA,NA,NA,NA,NA,NA,NA,NA,NA,NA,NA,NA,NA,0,0,0,0,0
"608",2020-02-25,"NWT",NA,NA,NA,NA,NA,NA,NA,NA,NA,NA,NA,NA,NA,0,0,0,0,0
"609",2020-02-26,"NWT",NA,NA,NA,NA,NA,NA,NA,NA,NA,NA,NA,NA,NA,0,0,0,0,0
"610",2020-02-27,"NWT",NA,NA,NA,NA,NA,NA,NA,NA,NA,NA,NA,NA,NA,0,0,0,0,0
"611",2020-02-28,"NWT",NA,NA,NA,NA,NA,NA,NA,NA,NA,NA,NA,NA,NA,0,0,0,0,0
"612",2020-02-29,"NWT",NA,NA,NA,NA,NA,NA,NA,NA,NA,NA,NA,NA,NA,0,0,0,0,0
"613",2020-03-01,"NWT",NA,NA,NA,NA,NA,NA,NA,NA,NA,NA,NA,NA,NA,0,0,0,0,0
"614",2020-03-02,"NWT",NA,NA,NA,NA,NA,NA,NA,NA,NA,NA,NA,NA,NA,0,0,0,0,0
"615",2020-03-03,"NWT",NA,NA,NA,NA,NA,NA,NA,NA,NA,NA,NA,NA,NA,0,0,0,0,0
"616",2020-03-04,"NWT",NA,NA,NA,NA,NA,NA,NA,NA,NA,NA,NA,NA,NA,0,0,0,0,0
"617",2020-03-05,"NWT",NA,NA,NA,NA,NA,NA,NA,NA,NA,NA,NA,NA,NA,0,0,0,0,0
"618",2020-03-06,"NWT",NA,NA,NA,NA,NA,NA,NA,NA,NA,NA,NA,NA,NA,0,0,0,0,0
"619",2020-03-07,"NWT",NA,NA,NA,NA,NA,NA,NA,NA,NA,NA,NA,NA,NA,0,0,0,0,0
"620",2020-03-08,"NWT",NA,NA,NA,NA,NA,NA,NA,NA,NA,NA,NA,NA,NA,0,0,0,0,0
"621",2020-03-09,"NWT",NA,NA,NA,NA,NA,NA,NA,NA,NA,NA,NA,NA,NA,0,0,0,0,0
"622",2020-03-10,"NWT",NA,NA,NA,NA,NA,NA,NA,NA,NA,NA,NA,NA,NA,0,0,0,0,0
"623",2020-03-11,"NWT",NA,NA,NA,NA,NA,NA,NA,NA,NA,NA,NA,NA,NA,0,0,0,0,0
"624",2020-03-12,"NWT",NA,NA,NA,NA,NA,NA,NA,NA,NA,NA,NA,NA,NA,0,0,0,0,0
"625",2020-03-13,"NWT",NA,NA,NA,NA,NA,NA,NA,NA,NA,NA,NA,NA,NA,0,0,0,0,0
"626",2020-03-14,"NWT",NA,NA,NA,NA,NA,NA,NA,NA,NA,NA,NA,NA,NA,0,0,0,0,0
"627",2020-03-15,"NWT",NA,NA,NA,NA,NA,NA,NA,NA,NA,NA,NA,NA,NA,0,0,0,0,0
"628",2020-03-16,"NWT",NA,NA,NA,NA,NA,NA,NA,NA,NA,NA,NA,NA,NA,0,0,0,0,0
"629",2020-03-17,"NWT",NA,NA,NA,NA,NA,NA,NA,NA,NA,NA,NA,NA,NA,0,0,0,0,0
"630",2020-03-18,"NWT",NA,NA,NA,NA,NA,NA,NA,NA,NA,NA,NA,NA,NA,0,0,0,0,0
"631",2020-03-19,"NWT",NA,NA,NA,NA,NA,NA,NA,NA,NA,NA,NA,NA,NA,0,0,0,0,0
"632",2020-03-20,"NWT",NA,NA,NA,NA,NA,NA,NA,NA,NA,NA,NA,NA,NA,0,0,0,0,0
"633",2020-03-21,"NWT",NA,NA,NA,NA,1,NA,NA,299,NA,NA,NA,"https://www.hss.gov.nt.ca/en/services/coronavirus-disease-covid-19",NA,1,299,1,1,299
"634",2020-03-22,"NWT",NA,NA,NA,NA,1,NA,NA,370,NA,NA,NA,"Input",NA,1,370,1,0,71
"635",2020-03-23,"NWT",NA,NA,NA,NA,1,NA,NA,370,NA,NA,NA,"Input","TODO: Server down",1,370,1,0,0
"636",2020-03-24,"NWT",NA,NA,176,NA,1,NA,NA,492,NA,NA,NA,"Input",NA,1,492,1,0,122
"637",2020-03-25,"NWT",NA,NA,209,NA,1,NA,NA,533,NA,NA,NA,"Input",NA,1,533,1,0,41
"638",2020-03-26,"NWT",NA,NA,295,NA,1,NA,NA,559,NA,NA,NA,"Input",NA,1,559,1,0,26
"639",2020-03-27,"NWT",NA,NA,307,NA,1,NA,NA,607,NA,NA,NA,"Input",NA,1,607,1,0,48
"640",2020-03-28,"NWT",NA,NA,221,NA,1,NA,NA,762,NA,NA,NA,"Input",NA,1,762,1,0,155
"641",2020-03-29,"NWT",NA,NA,212,NA,1,NA,NA,817,NA,NA,NA,"Input",NA,1,817,1,0,55
"642",2020-03-30,"NWT",832,NA,215,NA,1,NA,NA,833,NA,NA,NA,"Input",NA,833,833,1,0,16
"643",2020-03-31,"NWT",909,NA,181,NA,1,NA,NA,910,NA,NA,NA,"Input",NA,910,910,1,0,77
"644",2020-04-01,"NWT",977,NA,130,NA,2,NA,NA,979,NA,NA,NA,"Input","pending doesn't count as total, total here is completed test",979,979,2,1,69
"645",2020-04-02,"NWT",994,NA,171,NA,2,NA,NA,996,NA,NA,NA,"Input","updated 9am",996,996,2,0,17
"646",2020-04-03,"NWT",1137,NA,117,NA,4,1,NA,1141,NA,NA,NA,"Input",NA,1141,1141,4,2,145
"647",2020-04-04,"NWT",1200,NA,76,NA,4,1,NA,1204,NA,NA,NA,"Input",NA,1204,1204,4,0,63
"648",2020-04-05,"NWT",1251,NA,46,NA,4,1,NA,1255,NA,NA,NA,"Input","Update at 9:00am",1255,1255,4,0,51
"649",2020-04-06,"NWT",1257,NA,46,NA,5,1,NA,1262,NA,NA,NA,"Input",NA,1262,1262,5,1,7
"650",2020-04-07,"NWT",1270,NA,103,NA,5,1,NA,1275,NA,NA,NA,"Input",NA,1275,1275,5,0,13
"651",2020-02-14,"NU",NA,NA,NA,NA,NA,NA,NA,NA,NA,NA,NA,NA,NA,0,0,0,NA,NA
"652",2020-02-15,"NU",NA,NA,NA,NA,NA,NA,NA,NA,NA,NA,NA,NA,NA,0,0,0,0,0
"653",2020-02-16,"NU",NA,NA,NA,NA,NA,NA,NA,NA,NA,NA,NA,NA,NA,0,0,0,0,0
"654",2020-02-17,"NU",NA,NA,NA,NA,NA,NA,NA,NA,NA,NA,NA,NA,NA,0,0,0,0,0
"655",2020-02-18,"NU",NA,NA,NA,NA,NA,NA,NA,NA,NA,NA,NA,NA,NA,0,0,0,0,0
"656",2020-02-19,"NU",NA,NA,NA,NA,NA,NA,NA,NA,NA,NA,NA,NA,NA,0,0,0,0,0
"657",2020-02-20,"NU",NA,NA,NA,NA,NA,NA,NA,NA,NA,NA,NA,NA,NA,0,0,0,0,0
"658",2020-02-21,"NU",NA,NA,NA,NA,NA,NA,NA,NA,NA,NA,NA,NA,NA,0,0,0,0,0
"659",2020-02-22,"NU",NA,NA,NA,NA,NA,NA,NA,NA,NA,NA,NA,NA,NA,0,0,0,0,0
"660",2020-02-23,"NU",NA,NA,NA,NA,NA,NA,NA,NA,NA,NA,NA,NA,NA,0,0,0,0,0
"661",2020-02-24,"NU",NA,NA,NA,NA,NA,NA,NA,NA,NA,NA,NA,NA,NA,0,0,0,0,0
"662",2020-02-25,"NU",NA,NA,NA,NA,NA,NA,NA,NA,NA,NA,NA,NA,NA,0,0,0,0,0
"663",2020-02-26,"NU",NA,NA,NA,NA,NA,NA,NA,NA,NA,NA,NA,NA,NA,0,0,0,0,0
"664",2020-02-27,"NU",NA,NA,NA,NA,NA,NA,NA,NA,NA,NA,NA,NA,NA,0,0,0,0,0
"665",2020-02-28,"NU",NA,NA,NA,NA,NA,NA,NA,NA,NA,NA,NA,NA,NA,0,0,0,0,0
"666",2020-02-29,"NU",NA,NA,NA,NA,NA,NA,NA,NA,NA,NA,NA,NA,NA,0,0,0,0,0
"667",2020-03-01,"NU",NA,NA,NA,NA,NA,NA,NA,NA,NA,NA,NA,NA,NA,0,0,0,0,0
"668",2020-03-02,"NU",NA,NA,NA,NA,NA,NA,NA,NA,NA,NA,NA,NA,NA,0,0,0,0,0
"669",2020-03-03,"NU",NA,NA,NA,NA,NA,NA,NA,NA,NA,NA,NA,NA,NA,0,0,0,0,0
"670",2020-03-04,"NU",NA,NA,NA,NA,NA,NA,NA,NA,NA,NA,NA,NA,NA,0,0,0,0,0
"671",2020-03-05,"NU",NA,NA,NA,NA,NA,NA,NA,NA,NA,NA,NA,NA,NA,0,0,0,0,0
"672",2020-03-06,"NU",NA,NA,NA,NA,NA,NA,NA,NA,NA,NA,NA,NA,NA,0,0,0,0,0
"673",2020-03-07,"NU",NA,NA,NA,NA,NA,NA,NA,NA,NA,NA,NA,NA,NA,0,0,0,0,0
"674",2020-03-08,"NU",NA,NA,NA,NA,NA,NA,NA,NA,NA,NA,NA,NA,NA,0,0,0,0,0
"675",2020-03-09,"NU",NA,NA,NA,NA,NA,NA,NA,NA,NA,NA,NA,NA,NA,0,0,0,0,0
"676",2020-03-10,"NU",NA,NA,NA,NA,NA,NA,NA,NA,NA,NA,NA,NA,NA,0,0,0,0,0
"677",2020-03-11,"NU",NA,NA,NA,NA,NA,NA,NA,NA,NA,NA,NA,NA,NA,0,0,0,0,0
"678",2020-03-12,"NU",NA,NA,NA,NA,NA,NA,NA,NA,NA,NA,NA,NA,NA,0,0,0,0,0
"679",2020-03-13,"NU",NA,NA,NA,NA,NA,NA,NA,NA,NA,NA,NA,NA,NA,0,0,0,0,0
"680",2020-03-14,"NU",NA,NA,NA,NA,NA,NA,NA,NA,NA,NA,NA,NA,NA,0,0,0,0,0
"681",2020-03-15,"NU",NA,NA,NA,NA,NA,NA,NA,NA,NA,NA,NA,NA,NA,0,0,0,0,0
"682",2020-03-16,"NU",NA,NA,NA,NA,NA,NA,NA,NA,NA,NA,NA,NA,NA,0,0,0,0,0
"683",2020-03-17,"NU",NA,NA,NA,NA,NA,NA,NA,NA,NA,NA,NA,NA,NA,0,0,0,0,0
"684",2020-03-18,"NU",NA,NA,NA,NA,NA,NA,NA,NA,NA,NA,NA,NA,NA,0,0,0,0,0
"685",2020-03-19,"NU",NA,NA,NA,NA,NA,NA,NA,NA,NA,NA,NA,NA,NA,0,0,0,0,0
"686",2020-03-20,"NU",NA,NA,NA,NA,NA,NA,NA,NA,NA,NA,NA,NA,NA,0,0,0,0,0
"687",2020-03-21,"NU",NA,NA,NA,NA,NA,NA,NA,NA,NA,NA,NA,NA,NA,0,0,0,0,0
"688",2020-03-22,"NU",NA,NA,NA,NA,NA,NA,NA,NA,NA,NA,NA,NA,NA,0,0,0,0,0
"689",2020-03-23,"NU",NA,NA,NA,NA,NA,NA,NA,NA,NA,NA,NA,NA,NA,0,0,0,0,0
"690",2020-03-24,"NU",NA,NA,NA,NA,NA,NA,NA,NA,NA,NA,NA,NA,NA,0,0,0,0,0
"691",2020-03-25,"NU",NA,NA,NA,NA,NA,NA,NA,NA,NA,NA,NA,NA,NA,0,0,0,0,0
"692",2020-03-26,"NU",NA,NA,NA,NA,NA,NA,NA,NA,NA,NA,NA,NA,NA,0,0,0,0,0
"693",2020-03-27,"NU",NA,NA,NA,NA,NA,NA,NA,NA,NA,NA,NA,NA,NA,0,0,0,0,0
"694",2020-03-28,"NU",NA,NA,NA,NA,NA,NA,NA,NA,NA,NA,NA,NA,NA,0,0,0,0,0
"695",2020-03-29,"NU",NA,NA,NA,NA,NA,NA,NA,NA,NA,NA,NA,NA,NA,0,0,0,0,0
"696",2020-03-30,"NU",NA,NA,NA,NA,NA,NA,NA,NA,NA,NA,NA,NA,NA,0,0,0,0,0
"697",2020-03-31,"NU",NA,NA,NA,NA,NA,NA,NA,NA,NA,NA,NA,NA,NA,0,0,0,0,0
"698",2020-04-01,"NU",85,NA,205,NA,NA,NA,NA,290,NA,NA,NA,"https://www.gov.nu.ca/health/information/covid-19-novel-coronavirus","no longer under invest = negative",85,290,0,0,290
"699",2020-04-02,"NU",85,NA,205,NA,NA,NA,NA,290,NA,NA,NA,"Input","did not update",85,290,0,0,0
"700",2020-04-03,"NU",85,NA,205,NA,NA,NA,NA,290,NA,NA,NA,"Input","did not update",85,290,0,0,0
"701",2020-04-04,"NU",85,NA,205,NA,NA,NA,NA,290,NA,NA,NA,"Input","did not update",85,290,0,0,0
"702",2020-04-05,"NU",85,NA,205,NA,NA,NA,NA,290,NA,NA,NA,"Input","did not update",85,290,0,0,0
"703",2020-04-06,"NU",109,NA,247,NA,NA,NA,NA,356,NA,NA,NA,"Input",NA,109,356,0,0,66
"704",2020-04-07,"NU",109,NA,247,NA,NA,NA,NA,356,NA,NA,NA,"Input","did not update",109,356,0,0,0
